{
    "Changes": [
        {
          "LogName": "Load Consumables Tilesheet",
          "Action": "Load",
          "Target": "{{ModId}}/Consumables",
          "FromFile": "assets/Objects/Consumables.png"
        },
        {
          "LogName": "Objects Data",
          "Action": "EditData",
          "Target": "Data/Objects",
          "Entries": {
            "{{ModId}}_Mooncake": {
                "Name": "{{ModId}}_Mooncake",
                "DisplayName": "{{i18n:Dishes.Mooncake.name}}",
                "Description": "{{i18n:Dishes.Mooncake.description}}",
                "Price": 77,
                "Type": "Basic",
                "Category": -7,
                "Texture": "{{ModId}}/Consumables",
                "SpriteIndex": "0",
                "Edibility": 27,
                "Buffs": [
                  {
                    "Id": "Eat",
                    "BuffId": null,
                    "IconTexture": null,
                    "IconSpriteIndex": 0,
                    "Duration": 300,
                    "IsDebuff": false,
                    "GlowColor": null,
                    "CustomAttributes": {
                      "FarmingLevel": 1.0,
                      "FishingLevel": 0.0,
                      "MiningLevel": 0.0,
                      "LuckLevel": 1.0,
                      "ForagingLevel": 0.0,
                      "MaxStamina": 7.0,
                      "MagneticRadius": 0.0,
                      "Speed": 0.0,
                      "Defense": 0.0,
                      "Attack": 0.0
                    },
                    "CustomFields": null
                  }
                ],
                "ContextTags": ["color_brown", "food_item", "food_sweet"]
            },
            "{{ModId}}_Candied_Orange_Peel": {
                "Name": "{{ModId}}_Candied_Orange_Peel",
                "DisplayName": "{{i18n:Dishes.CandiedOrangePeel.name}}",
                "Description": "{{i18n:Dishes.CandiedOrangePeel.description}}",
                "Price": 100,
                "Type": "Basic",
                "Category": -7,
                "Texture": "{{ModId}}/Consumables",
                "SpriteIndex": "1",
                "Edibility": 112,
                "Buffs": [
                  {
                    "Id": "Eat",
                    "BuffId": null,
                    "IconTexture": null,
                    "IconSpriteIndex": 0,
                    "Duration": 300,
                    "IsDebuff": false,
                    "GlowColor": null,
                    "CustomAttributes": {
                      "FarmingLevel": 0.0,
                      "FishingLevel": 0.0,
                      "MiningLevel": 0.0,
                      "LuckLevel": 0.0,
                      "ForagingLevel": 0.0,
                      "MaxStamina": 0.0,
                      "MagneticRadius": 0.0,
                      "Speed": 2.0,
                      "Defense": 0.0,
                      "Attack": 0.0
                    },
                    "CustomFields": null
                  }
                ],
                "ContextTags": ["color_orange", "food_item", "food_sweet"]
            },
            "{{ModId}}_Rice_Porridge": {
                "Name": "{{ModId}}_Rice_Porridge",
                "DisplayName": "{{i18n:Dishes.RicePorridge.name}}",
                "Description": "{{i18n:Dishes.RicePorridge.description}}",
                "Price": 250,
                "Type": "Basic",
                "Category": -7,
                "Texture": "{{ModId}}/Consumables",
                "SpriteIndex": "2",
                "Edibility": 87,
                "Buffs": [
                  {
                    "Id": "Eat",
                    "BuffId": null,
                    "IconTexture": null,
                    "IconSpriteIndex": 0,
                    "Duration": 300,
                    "IsDebuff": false,
                    "GlowColor": null,
                    "CustomAttributes": {
                      "FarmingLevel": 0.0,
                      "FishingLevel": 0.0,
                      "MiningLevel": 0.0,
                      "LuckLevel": 0.0,
                      "ForagingLevel": 0.0,
                      "MaxStamina": 75.0,
                      "MagneticRadius": 0.0,
                      "Speed": 0.0,
                      "Defense": 0.0,
                      "Attack": 0.0
                    },
                    "CustomFields": null
                  }
                ],
                "ContextTags": ["color_white", "food_item", "ginger_item"]
            },
            "{{ModId}}_Tea_Eggs": {
                "Name": "{{ModId}}_Tea_Eggs",
                "DisplayName": "{{i18n:Dishes.TeaEggs.name}}",
                "Description": "{{i18n:Dishes.TeaEggs.description}}",
                "Price": 225,
                "Type": "Basic",
                "Category": -7,
                "Texture": "{{ModId}}/Consumables",
                "SpriteIndex": "3",
                "Edibility": 70,
                "Buffs": [
                  {
                    "Id": "Eat",
                    "BuffId": null,
                    "IconTexture": null,
                    "IconSpriteIndex": 0,
                    "Duration": 300,
                    "IsDebuff": false,
                    "GlowColor": null,
                    "CustomAttributes": {
                      "FarmingLevel": 0.0,
                      "FishingLevel": 0.0,
                      "MiningLevel": 0.0,
                      "LuckLevel": 0.0,
                      "ForagingLevel": 0.0,
                      "MaxStamina": 0.0,
                      "MagneticRadius": 0.0,
                      "Speed": 2.0,
                      "Defense": 2.0,
                      "Attack": 0.0
                    },
                    "CustomFields": null
                  }
                ],
                "ContextTags": ["color_white", "food_item"]
            }
          }
        }
    ]
}