{
    "Changes": [
        {
            "LogName": "Load Crop Harvests Tilesheet",
            "Action": "Load",
            "Target": "{{ModId}}/CropHarvests",
            "FromFile": "assets/Objects/CropHarvests.png"
        },
        {
            "LogName": "Load Tree Harvests Tilesheet",
            "Action": "Load",
            "Target": "{{ModId}}/TreeHarvests",
            "FromFile": "assets/Objects/TreeHarvests.png"
        },
        {
            "LogName": "Objects Data",
            "Action": "EditData",
            "Target": "Data/Objects",
            "Entries": {
                "{{ModId}}_Chamomile": {
                    "Name": "{{ModId}}_Chamomile",
                    "DisplayName": "{{i18n:Crops.Chamomile.name}}",
                    "Description": "{{i18n:Crops.Chamomile.description}}",
                    "Price": 25,
                    "Type": "Flower",
                    "Category": -80,
                    "Texture": "{{ModId}}/CropHarvests",
                    "SpriteIndex": "0",
                    "Edibility": 6,
                    "ContextTags": [ "color_white", "flower_item" ]
                },

                "{{ModId}}_Chrysanthemum": {
                    "Name": "{{ModId}}_Chrysanthemum",
                    "DisplayName": "{{i18n:Crops.Chrysanthemum.name}}",
                    "Description": "{{i18n:Crops.Chrysanthemum.description}}",
                    "Price": 23,
                    "Type": "Flower",
                    "Category": -80,
                    "Texture": "{{ModId}}/CropHarvests",
                    "SpriteIndex": "1",
                    "Edibility": 11,
                    "ContextTags": [ "color_yellow", "flower_item" ]
                },
                
                "{{ModId}}_Goji_Berry": {
                    "Name": "{{ModId}}_Goji_Berry",
                    "DisplayName": "{{i18n:Crops.GojiBerry.name}}",
                    "Description": "{{i18n:Crops.GojiBerry.description}}",
                    "Price": 60,
                    "Type": "Basic",
                    "Category": -79,
                    "Texture": "{{ModId}}/CropHarvests",
                    "SpriteIndex": "2",
                    "Edibility": 9,
                    "ContextTags": [ "color_red", "special_dehydrator_rule", "fruit_item", "berry_item" ]
                },
                
                "{{ModId}}_Lavender": {
                    "Name": "{{ModId}}_Lavender",
                    "DisplayName": "{{i18n:Crops.Lavender.name}}",
                    "Description": "{{i18n:Crops.Lavender.description}}",
                    "Price": 120,
                    "Type": "Flower",
                    "Category": -80,
                    "Texture": "{{ModId}}/CropHarvests",
                    "SpriteIndex": "3",
                    "Edibility": -1,
                    "ContextTags": [ "color_purple", "flower_item" ]
                },
                
                "{{ModId}}_Lily": {
                    "Name": "{{ModId}}_Lily",
                    "DisplayName": "{{i18n:Crops.Lily.name}}",
                    "Description": "{{i18n:Crops.Lily.description}}",
                    "Price": 40,
                    "Type": "Flower",
                    "Category": -80,
                    "Texture": "{{ModId}}/CropHarvests",
                    "SpriteIndex": "4",
                    "Edibility": 4,
                    "ContextTags": [ "color_orange", "flower_item" ]
                },
                
                "{{ModId}}_Lotus": {
                    "Name": "{{ModId}}_Lotus",
                    "DisplayName": "{{i18n:Crops.Lotus.name}}",
                    "Description": "{{i18n:Crops.Lotus.description}}",
                    "Price": 80,
                    "Type": "Flower",
                    "Category": -80,
                    "Texture": "{{ModId}}/CropHarvests",
                    "SpriteIndex": "5",
                    "Edibility": 7,
                    "ContextTags": [ "color_pink", "flower_item" ]
                },
                
                "{{ModId}}_Sugarcane": {
                    "Name": "{{ModId}}_Sugarcane",
                    "DisplayName": "{{i18n:Crops.Sugarcane.name}}",
                    "Description": "{{i18n:Crops.Sugarcane.description}}",
                    "Price": 45,
                    "Type": "Vegetable",
                    "Category": -75,
                    "Texture": "{{ModId}}/CropHarvests",
                    "SpriteIndex": "6",
                    "Edibility": 6,
                    "ContextTags": [ "color_red", "vegetable_item" ]
                },
                
                "{{ModId}}_Jasmine": {
                    "Name": "{{ModId}}_Jasmine",
                    "DisplayName": "{{i18n:Bush.Jasmine.name}}",
                    "Description": "{{i18n:Bush.Jasmine.description}}",
                    "Price": 20,
                    "Type": "Flower",
                    "Category": -80,
                    "Texture": "{{ModId}}/CropHarvests",
                    "SpriteIndex": "7",
                    "Edibility": 1,
                    "ContextTags": [ "color_white", "flower_item" ]
                },
                
                "{{ModId}}_Osmanthus": {
                    "Name": "{{ModId}}_Osmanthus",
                    "DisplayName": "{{i18n:Bush.Osmanthus.name}}",
                    "Description": "{{i18n:Bush.Osmanthus.description}}",
                    "Price": 5,
                    "Type": "Flower",
                    "Category": -80,
                    "Texture": "{{ModId}}/CropHarvests",
                    "SpriteIndex": "8",
                    "Edibility": 1,
                    "ContextTags": [ "color_yellow", "flower_item" ]
                }
            }
        },
        {
            "Log": "Cooking Recipe Data",
            "Action": "EditData",
            "Target": "Data/CookingRecipes",
            "Entries": {
                "{{ModId}}_Health_Blend_Tea": "{{ModId}}_Chrysanthemum_Tea 1 {{ModId}}_Cassia_Tea 1 {{ModId}}_Dried_Goji_Berries 1/6 9/{{ModId}}_Health_Blend_Tea 3/null/Health Blend Tea"
            }
        }
    ]
}