{
    "Changes": [
        {
            "Action": "EditData",
            "Target": "Data/Buildings",
            "TargetField": [
                "Mill",
                "ItemConversions"
            ],
            "Entries": {
                "{{ModId}}_Pearl_Barley": {
                    "Id": "{{ModId}}_Pearl_Barley",
                    "SourceChest": "Input",
                    "DestinationChest": "Output",
                    "RequiredTags": [
                        "barley"
                    ],
                    "ProducedItems": [
                        {
                            "ItemId": "(O){{ModId}}_Pearl_Barley"
                        }
                    ],
                    "MaxDailyConversions": -1
                },
                "{{ModId}}_Buckwheat_Flour": {
                    "Id": "{{ModId}}_Buckwheat_Flour",
                    "SourceChest": "Input",
                    "DestinationChest": "Output",
                    "RequiredTags": [
                        "buckwheat"
                    ],
                    "ProducedItems": [
                        {
                            "ItemId": "(O){{ModId}}_Buckwheat_Flour"
                        }
                    ],
                    "MaxDailyConversions": -1
                },
                "{{ModId}}_Hulled_Millet": {
                    "Id": "{{ModId}}_Hulled_Millet",
                    "SourceChest": "Input",
                    "DestinationChest": "Output",
                    "RequiredTags": [
                        "millet"
                    ],
                    "ProducedItems": [
                        {
                            "ItemId": "(O){{ModId}}_Hulled_Millet"
                        }
                    ],
                    "MaxDailyConversions": -1
                },
                "{{ModId}}_Rolled_Oats": {
                    "Id": "{{ModId}}_Rolled_Oats",
                    "SourceChest": "Input",
                    "DestinationChest": "Output",
                    "RequiredTags": [
                        "oat"
                    ],
                    "ProducedItems": [
                        {
                            "ItemId": "(O){{ModId}}_Rolled_Oats"
                        }
                    ],
                    "MaxDailyConversions": -1
                },
                "{{ModId}}_Rye_Flour": {
                    "Id": "{{ModId}}_Rye_Flour",
                    "SourceChest": "Input",
                    "DestinationChest": "Output",
                    "RequiredTags": [
                        "rye"
                    ],
                    "ProducedItems": [
                        {
                            "ItemId": "(O){{ModId}}_Rye_Flour"
                        }
                    ],
                    "MaxDailyConversions": -1
                }
            }
        }
    ]
}