{
    "Changes": [
        {
            "LogName": "Shops",
            "Action": "Include",
            "FromFile": "Data/NPCs/SeedShop.json"
        },
        {
            "LogName": "Shops",
            "Action": "Include",
            "FromFile": "Data/NPCs/Saloon.json"
        },
        {
            "LogName": "Bachelor Gift Tastes",
            "Action": "Include",
            "FromFile": "Data/NPCs/BachelorGiftTastes.json"
        },
        {
            "LogName": "Bachelorette Gift Tastes",
            "Action": "Include",
            "FromFile": "Data/NPCs/BacheloretteGiftTastes.json"
        },
        {
            "LogName": "NPC Gift Tastes",
            "Action": "Include",
            "FromFile": "Data/NPCs/NPCGiftTastes.json"
        }
    ]
}