{
    "Changes": [
        {
            "LogName": "Objects",
            "Action": "Include",
            "FromFile": "Data/Objects/Harvestables.json"
        },
        {
            "LogName": "Objects",
            "Action": "Include",
            "FromFile": "Data/Objects/Consumables.json"
        },
        {
            "LogName": "Objects",
            "Action": "Include",
            "FromFile": "Data/Objects/Ingredients.json"
        },
        {
            "LogName": "Objects",
            "Action": "Include",
            "FromFile": "Data/Crops/Seeds.json"
        },
        {
            "LogName": "Objects",
            "Action": "Include",
            "FromFile": "Data/Crops/Crops.json"
        }
    ]
}