{
    "Name": "Millet", 
    "Description": "An ancient nutritional grain commonly used for cooking.",
    "Edibility": 40, 
    "Price": 35,
    "IsColored": false, 
    "Recipe": null,
    "GiftTastes": 
    {
        "Love":[ ""],
        "Like": ["", ""],
        "Neutral": null,
        "Dislike": [""],
        "Hate": [""]
    },
	"ContextTags": ["color_brown, season_summer, grain_item"],

    "NameLocalization":
    {
        "es": "",
        "ko": "",
        "de": "",
        "fr": "",
        "hu": "",
        "it": "",
        "ja": "",
        "pt": "",
        "ru": "",
        "tr": "",
        "zh": ""
    },
    "DescriptionLocalization":
    {
        "es": "", 
        "ko": "",
        "de": "",
        "fr": "",
        "hu": "",
        "it": "", 
        "ja": "",
        "pt": "",
        "ru": "",
        "tr": "",
        "zh": ""
    }
}