{
    "Changes": [
        {
            "LogName": "Load Consumables Tilesheet",
            "Action": "Load",
            "Target": "{{ModId}}/Consumables",
            "FromFile": "assets/Objects/Consumables.png"
        },
        {
            "LogName": "Consumables Data",
            "Action": "EditData",
            "Target": "Data/Objects",
            "Entries": {
                "{{ModId}}_Harvest_Bowl": {
                    "Name": "{{ModId}}_Harvest_Bowl",
                    "DisplayName": "{{i18n:HarvestBowl.displayname}}",
                    "Description": "{{i18n:HarvestBowl.description}}",
                    "Price": 420,
                    "Type": "Basic",
                    "Category": -7,
                    "Texture": "{{ModId}}/Consumables",
                    "SpriteIndex": "0",
                    "Edibility": 67,
                    "Buffs": [
                      {
                        "Id": "Eat",
                        "BuffId": null,
                        "IconTexture": null,
                        "IconSpriteIndex": 0,
                        "Duration": 800,
                        "IsDebuff": false,
                        "GlowColor": null,
                        "CustomAttributes": {
                          "FarmingLevel": 2.0,
                          "FishingLevel": 0.0,
                          "MiningLevel": 0.0,
                          "LuckLevel": 0.0,
                          "ForagingLevel": 1.0,
                          "MaxStamina": 0.0,
                          "MagneticRadius": 0.0,
                          "Speed": 1.0,
                          "Defense": 0.0,
                          "Attack": 0.0
                        },
                        "CustomFields": null
                      }
                    ],
                    "ContextTags": ["color_light_brown", "food_item"]
                },
                "{{ModId}}_Overnight_Oats": {
                    "Name": "{{ModId}}_Overnight_Oats",
                    "DisplayName": "{{i18n:OvernightOats.displayname}}",
                    "Description": "{{i18n:OvernightOats.description}}",
                    "Price": 175,
                    "Type": "Basic",
                    "Category": -7,
                    "Texture": "{{ModId}}/Consumables",
                    "SpriteIndex": "1",
                    "Edibility": 15,
                    "Buffs": [
                      {
                        "Id": "Eat",
                        "BuffId": null,
                        "IconTexture": null,
                        "IconSpriteIndex": 0,
                        "Duration": 1200,
                        "IsDebuff": false,
                        "GlowColor": null,
                        "CustomAttributes": {
                          "FarmingLevel": 0.0,
                          "FishingLevel": 0.0,
                          "MiningLevel": 0.0,
                          "LuckLevel": 0.0,
                          "ForagingLevel": 0.0,
                          "MaxStamina": 0.0,
                          "MagneticRadius": 0.0,
                          "Speed": 1.0,
                          "Defense": 1.0,
                          "Attack": 1.0
                        },
                        "CustomFields": null
                      }
                    ],
                    "ContextTags": ["color_light_brown", "food_item"]
                },
                "{{ModId}}_Blueberry_Oatmeal": {
                    "Name": "{{ModId}}_Blueberry_Oatmeal",
                    "DisplayName": "{{i18n:BlueberryOatmeal.displayname}}",
                    "Description": "{{i18n:BlueberryOatmeal.description}}",
                    "Price": 525,
                    "Type": "Basic",
                    "Category": -7,
                    "Texture": "{{ModId}}/Consumables",
                    "SpriteIndex": "2",
                    "Edibility": 23,
                    "Buffs": [
                      {
                        "Id": "Eat",
                        "BuffId": null,
                        "IconTexture": null,
                        "IconSpriteIndex": 0,
                        "Duration": 800,
                        "IsDebuff": false,
                        "GlowColor": null,
                        "CustomAttributes": {
                          "FarmingLevel": 0.0,
                          "FishingLevel": 0.0,
                          "MiningLevel": 0.0,
                          "LuckLevel": 0.0,
                          "ForagingLevel": 0.0,
                          "MaxStamina": 0.0,
                          "MagneticRadius": 0.0,
                          "Speed": 0.0,
                          "Defense": 2.0,
                          "Attack": 0.0
                        },
                        "CustomFields": null
                      }
                    ],
                    "ContextTags": ["color_light_brown", "food_item"]
                },
                "{{ModId}}_Trail_Mix": {
                    "Name": "{{ModId}}_Trail_Mix",
                    "DisplayName": "{{i18n:TrailMix.displayname}}",
                    "Description": "{{i18n:TrailMix.description}}",
                    "Price": 200,
                    "Type": "Basic",
                    "Category": -7,
                    "Texture": "{{ModId}}/Consumables",
                    "SpriteIndex": "3",
                    "Edibility": 80,
                    "ContextTags": ["color_light_brown", "food_item"]
                },
                "{{ModId}}_Galette": {
                    "Name": "{{ModId}}_Galette",
                    "DisplayName": "{{i18n:Galette.displayname}}",
                    "Description": "{{i18n:Galette.description}}",
                    "Price": 450,
                    "Type": "Basic",
                    "Category": -7,
                    "Texture": "{{ModId}}/Consumables",
                    "SpriteIndex": "4",
                    "Edibility": 52,
                    "Buffs": [
                      {
                        "Id": "Eat",
                        "BuffId": null,
                        "IconTexture": null,
                        "IconSpriteIndex": 0,
                        "Duration": 800,
                        "IsDebuff": false,
                        "GlowColor": null,
                        "CustomAttributes": {
                          "FarmingLevel": 0.0,
                          "FishingLevel": 0.0,
                          "MiningLevel": 0.0,
                          "LuckLevel": 0.0,
                          "ForagingLevel": 0.0,
                          "MaxStamina": 0.0,
                          "MagneticRadius": 0.0,
                          "Speed": 0.0,
                          "Defense": 2.0,
                          "Attack": 0.0
                        },
                        "CustomFields": null
                      }
                    ],
                    "ContextTags": ["color_brown", "food_item"]
                },
                "{{ModId}}_Millet_Porridge": {
                    "Name": "{{ModId}}_Millet_Porridge",
                    "DisplayName": "{{i18n:MilletPorridge.displayname}}",
                    "Description": "{{i18n:MilletPorridge.description}}",
                    "Price": 110,
                    "Type": "Basic",
                    "Category": -7,
                    "Texture": "{{ModId}}/Consumables",
                    "SpriteIndex": "5",
                    "Edibility": 15,
                    "Buffs": [
                      {
                        "Id": "Eat",
                        "BuffId": null,
                        "IconTexture": null,
                        "IconSpriteIndex": 0,
                        "Duration": 600,
                        "IsDebuff": false,
                        "GlowColor": null,
                        "CustomAttributes": {
                          "FarmingLevel": 0.0,
                          "FishingLevel": 0.0,
                          "MiningLevel": 0.0,
                          "LuckLevel": 0.0,
                          "ForagingLevel": 0.0,
                          "MaxStamina": 50.0,
                          "MagneticRadius": 0.0,
                          "Speed": 0.0,
                          "Defense": 0.0,
                          "Attack": 0.0
                        },
                        "CustomFields": null
                      }
                    ],
                    "ContextTags": ["color_light_brown", "food_item"]
                },
                "{{ModId}}_Rye_Bread": {
                    "Name": "{{ModId}}_Rye_Bread",
                    "DisplayName": "{{i18n:RyeBread.displayname}}",
                    "Description": "{{i18n:RyeBread.description}}",
                    "Price": 160,
                    "Type": "Basic",
                    "Category": -7,
                    "Texture": "{{ModId}}/Consumables",
                    "SpriteIndex": "6",
                    "Edibility": 12,
                    "Buffs": [
                      {
                        "Id": "Eat",
                        "BuffId": null,
                        "IconTexture": null,
                        "IconSpriteIndex": 0,
                        "Duration": 600,
                        "IsDebuff": false,
                        "GlowColor": null,
                        "CustomAttributes": {
                          "FarmingLevel": 0.0,
                          "FishingLevel": 0.0,
                          "MiningLevel": 0.0,
                          "LuckLevel": 1.0,
                          "ForagingLevel": 0.0,
                          "MaxStamina": 0.0,
                          "MagneticRadius": 1.0,
                          "Speed": 0.0,
                          "Defense": 0.0,
                          "Attack": 0.0
                        },
                        "CustomFields": null
                      }
                    ],
                    "ContextTags": ["color_brown", "food_item"]
                },
                "{{ModId}}_Sorghum_Salad": {
                    "Name": "{{ModId}}_Sorghum_Salad",
                    "DisplayName": "{{i18n:SorghumSalad.displayname}}",
                    "Description": "{{i18n:SorghumSalad.description}}",
                    "Price": 175,
                    "Type": "Basic",
                    "Category": -7,
                    "Texture": "{{ModId}}/Consumables",
                    "SpriteIndex": "7",
                    "Edibility": 34,
                    "Buffs": [
                      {
                        "Id": "Eat",
                        "BuffId": null,
                        "IconTexture": null,
                        "IconSpriteIndex": 0,
                        "Duration": 600,
                        "IsDebuff": false,
                        "GlowColor": null,
                        "CustomAttributes": {
                          "FarmingLevel": 0.0,
                          "FishingLevel": 0.0,
                          "MiningLevel": 2.0,
                          "LuckLevel": 1.0,
                          "ForagingLevel": 0.0,
                          "MaxStamina": 0.0,
                          "MagneticRadius": 0.0,
                          "Speed": 0.0,
                          "Defense": 0.0,
                          "Attack": 0.0
                        },
                        "CustomFields": null
                      }
                    ],
                    "ContextTags": ["color_red", "food_item"]
                }
            }
        }
    ]
}