{
    "Changes": [
        {
            "LogName": "Load Harvestables Tilesheet",
            "Action": "Load",
            "Target": "{{ModId}}/Harvestables",
            "FromFile": "assets/Objects/Harvestables.png"
        },
        {
            "LogName": "Objects Data",
            "Action": "EditData",
            "Target": "Data/Objects",
            "Entries": {
                "{{ModId}}_Barley": {
                    "Name": "{{ModId}}_Barley",
                    "DisplayName": "{{i18n:Barley.displayname}}",
                    "Description": "{{i18n:Barley.description}}",
                    "Price": 25,
                    "Type": "Basic",
                    "Category": -75,
                    "Texture": "{{ModId}}/Harvestables",
                    "SpriteIndex": "0",
                    "Edibility": 1,
                    "ContextTags": ["color_yellow", "season_spring", "grain_item", "barley"]
                },
                "{{ModId}}_Buckwheat": {
                    "Name": "{{ModId}}_Buckwheat",
                    "DisplayName": "{{i18n:Buckwheat.displayname}}",
                    "Description": "{{i18n:Buckwheat.description}}",
                    "Price": 30,
                    "Type": "Basic",
                    "Category": -80,
                    "Texture": "{{ModId}}/Harvestables",
                    "SpriteIndex": "1",
                    "Edibility": 1,
                    "ContextTags": ["color_pink", "season_spring", "season_summer", "flower_item"]
                },
                "{{ModId}}_Millet": {
                    "Name": "{{ModId}}_Millet",
                    "DisplayName": "{{i18n:Millet.displayname}}",
                    "Description": "{{i18n:Millet.description}}",
                    "Price": 35,
                    "Type": "Basic",
                    "Category": -75,
                    "Texture": "{{ModId}}/Harvestables",
                    "SpriteIndex": "2",
                    "Edibility": 1,
                    "ContextTags": ["color_brown", "season_summer", "grain_item", "millet"]
                },
                "{{ModId}}_Oat": {
                    "Name": "{{ModId}}_Oat",
                    "DisplayName": "{{i18n:Oat.displayname}}",
                    "Description": "{{i18n:Oat.description}}",
                    "Price": 35,
                    "Type": "Basic",
                    "Category": -75,
                    "Texture": "{{ModId}}/Harvestables",
                    "SpriteIndex": "3",
                    "Edibility": 2,
                    "ContextTags": ["color_white", "season_spring", "grain_item", "oat"]
                },
                "{{ModId}}_Rye": {
                    "Name": "{{ModId}}_Rye",
                    "DisplayName": "{{i18n:Rye.displayname}}",
                    "Description": "{{i18n:Rye.description}}",
                    "Price": 40,
                    "Type": "Basic",
                    "Category": -75,
                    "Texture": "{{ModId}}/Harvestables",
                    "SpriteIndex": "4",
                    "Edibility": 1,
                    "ContextTags": ["color_dark_green", "season_summer", "season_fall", "grain_item", "rye"]
                },
                "{{ModId}}_Sorghum": {
                    "Name": "{{ModId}}_Sorghum",
                    "DisplayName": "{{i18n:Sorghum.displayname}}",
                    "Description": "{{i18n:Sorghum.description}}",
                    "Price": 40,
                    "Type": "Basic",
                    "Category": -75,
                    "Texture": "{{ModId}}/Harvestables",
                    "SpriteIndex": "5",
                    "Edibility": 1,
                    "ContextTags": ["color_orange", "season_spring", "season_summer", "grain_item", "sorghum"]
                }
            }
        },
        {
            "Action": "EditData",
            "Target": "Data/ObjectContextTags",
            "TextOperations": [
                {
                    "Operation": "Append",
                    "Target": [ "Entries", "483"],
                    "Value": "grain_item",
                    "Delimiter": ","
                },
                {
                    "Operation": "Append",
                    "Target": [ "Entries", "246"],
                    "Value": "grain_item",
                    "Delimiter": ","
                },
                {
                    "Operation": "Append",
                    "Target": [ "Entries", "271"],
                    "Value": "grain_item",
                    "Delimiter": ","
                },
                {
                    "Operation": "Append",
                    "Target": [ "Entries", "423"],
                    "Value": "grain_item",
                    "Delimiter": ","
                },
                {
                    "Operation": "Append",
                    "Target": [ "Entries", "300"],
                    "Value": "grain_item",
                    "Delimiter": ","
                },
                {
                    "Operation": "Append",
                    "Target": [ "Entries", "270"],
                    "Value": "grain_item",
                    "Delimiter": ","
                }
            ]
        },
        {
            "Action": "EditData",
            "Target": "Data/Objects",
            "When": { "RenameUnmilledRice": true },
            "Fields": 
            {
                "271":
                {
                    "DisplayName": "{{i18n:UnmilledRice.displayname}}"
                }
            }
        },
        {
            "Action": "EditData",
            "Target": "Data/Objects",
            "When": { "RenameMilledRice": true },
            "Fields": 
            {
                "423":
                {
                    "DisplayName": "{{i18n:Rice.displayname}}"
                }
            }
        }
    ]
}