{
    "Changes": [
        {
            "LogName": "Load Ingredients Tilesheet",
            "Action": "Load",
            "Target": "{{ModId}}/Ingredients",
            "FromFile": "assets/Objects/Ingredients.png"
        },
        {
            "LogName": "Objects Data",
            "Action": "EditData",
            "Target": "Data/Objects",
            "Entries": {
                "{{ModId}}_Pearl_Barley": {
                    "Name": "{{ModId}}_Pearl_Barley",
                    "DisplayName": "{{i18n:PearlBarley.displayname}}",
                    "Description": "{{i18n:PearlBarley.description}}",
                    "Price": 110,
                    "Type": "Basic",
                    "Category": -7,
                    "Texture": "{{ModId}}/Ingredients",
                    "SpriteIndex": "0",
                    "Edibility": 1,
                    "ContextTags": ["color_orange", "flour_item"]
                },
                "{{ModId}}_Buckwheat_Flour": {
                    "Name": "{{ModId}}_Buckwheat_Flour",
                    "DisplayName": "{{i18n:BuckwheatFlour.displayname}}",
                    "Description": "{{i18n:BuckwheatFlour.description}}",
                    "Price": 115,
                    "Type": "Basic",
                    "Category": -7,
                    "Texture": "{{ModId}}/Ingredients",
                    "SpriteIndex": "1",
                    "Edibility": 2,
                    "ContextTags": ["color_light_brown", "flour_item"]
                },
                "{{ModId}}_Hulled_Millet": {
                    "Name": "{{ModId}}_Hulled_Millet",
                    "DisplayName": "{{i18n:HulledMillet.displayname}}",
                    "Description": "{{i18n:HulledMillet.description}}",
                    "Price": 110,
                    "Type": "Basic",
                    "Category": -7,
                    "Texture": "{{ModId}}/Ingredients",
                    "SpriteIndex": "2",
                    "Edibility": 2,
                    "ContextTags": ["color_yellow", "flour_item"]
                },
                "{{ModId}}_Rolled_Oats": {
                    "Name": "{{ModId}}_Rolled_Oats",
                    "DisplayName": "{{i18n:RolledOats.displayname}}",
                    "Description": "{{i18n:RolledOats.description}}",
                    "Price": 150,
                    "Type": "Basic",
                    "Category": -7,
                    "Texture": "{{ModId}}/Ingredients",
                    "SpriteIndex": "3",
                    "Edibility": 3,
                    "ContextTags": ["color_light_yellow", "flour_item"]
                },
                "{{ModId}}_Rye_Flour": {
                    "Name": "{{ModId}}_Rye_Flour",
                    "DisplayName": "{{i18n:RyeFlour.displayname}}",
                    "Description": "{{i18n:RyeFlour.description}}",
                    "Price": 110,
                    "Type": "Basic",
                    "Category": -7,
                    "Texture": "{{ModId}}/Ingredients",
                    "SpriteIndex": "4",
                    "Edibility": 1,
                    "ContextTags": ["color_blue", "flour_item"]
                }
            }
        }
    ]
}