{
    "Name": "Oat",
    "Price": 30,
    "Product": "Oat",
    "SeedName": "Oat Seeds",
    "SeedDescription": "Plant these in spring. Takes 4 days to mature. Harvest with the scythe.",
    "Type": "Vegetable",
    "SeedSellPrice": 8,
    "CropType": "Normal",
    "Seasons": ["spring"],
    "Phases": [1, 1, 1, 1],
    "RegrowthPhase": -1,
    "HarvestWithScythe": true,
    "TrellisCrop": false,
    "Colors": null,
    "SeedPurchasePrice": 16,
    "SeedPurchaseFrom": "SeedShop",
    "SeedPurchaseRequirements": null,

    "SeedNameLocalization":
    {
        "es": "",
        "ko": "",
        "de": "",
        "fr": "",
        "hu": "",
        "it": "",
        "ja": "",
        "pt": "",
        "ru": "",
        "tr": "",
        "zh": ""
    },
    "SeedDescriptionLocalization":
    {
        "es": "",
        "ko": "",
        "de": "",
        "fr": "",
        "hu": "",
        "it": "",
        "ja": "",
        "pt": "",
        "ru": "",
        "tr": "",
        "zh": ""
    }
}