{
    "Changes": [
        {
            "Log": "Gift Taste for NPCs Data",
            "Action": "EditData",
            "Target": "Data/NPCGiftTastes",
            "TextOperations": 
            [
                {
                    "Operation": "Append",
                    "Target": ["Fields", "Abigail", "1"],
                    "Value": "{{ModId}}_Rock_Sugar",
                    "Delimiter": " "
                },

                {
                    "Operation": "Append",
                    "Target": ["Fields", "Emily", "1"],
                    "Value": "{{ModId}}_Brown_Rice_Tea {{ModId}}_Chamomile_Tea {{ModId}}_Chrysanthemum_Tea {{ModId}}_Health_Blend_Tea {{ModId}}_Jasmine_Tea {{ModId}}_Lavender_Tea {{ModId}}_Osmanthus_Tea",
                    "Delimiter": " "
                },
                {
                    "Operation": "Append",
                    "Target": ["Fields", "Emily", "3"],
                    "Value": "{{ModId}}_Barley_Tea {{ModId}}_Cassia_Tea",
                    "Delimiter": " "
                },

                {
                    "Operation": "Append",
                    "Target": ["Fields", "Haley", "1"],
                    "Value": "{{ModId}}_Cassia_Flower",
                    "Delimiter": " "
                },
                {
                    "Operation": "Append",
                    "Target": ["Fields", "Haley", "3"],
                    "Value": "{{ModId}}_Chrysanthemum",
                    "Delimiter": " "
                },

                {
                    "Operation": "Append",
                    "Target": ["Fields", "Leah", "1"],
                    "Value": "{{ModId}}_Dried_Strawberries {{ModId}}_Chamomile_Tea",
                    "Delimiter": " "
                },

                {
                    "Operation": "Append",
                    "Target": ["Fields", "Maru", "1"],
                    "Value": "{{ModId}}_Dried_Strawberries",
                    "Delimiter": " "
                },
                {
                    "Operation": "Append",
                    "Target": ["Fields", "Maru", "1"],
                    "Value": "{{ModId}}_Brown_Rice_Tea",
                    "Delimiter": " "
                },

                {
                    "Operation": "Append",
                    "Target": ["Fields", "Penny", "1"],
                    "Value": "{{ModId}}_Lavender",
                    "Delimiter": " "
                },
                {
                    "Operation": "Append",
                    "Target": ["Fields", "Penny", "3"],
                    "Value": "{{ModId}}_Barley_Tea",
                    "Delimiter": " "
                }
            ]
        }
    ]
}