{
    "Changes": [
        {
            "Log": "Gift Taste for NPCs Data",
            "Action": "EditData",
            "Target": "Data/NPCGiftTastes",
            "TextOperations": [
                // tea
                {
                    "Operation": "Append",
                    "Target": ["Entries", "Universal_Neutral"],
                    "Value": "{{ModId}}_Barley_Tea {{ModId}}_Brown_Rice_Tea {{ModId}}_Cassia_Tea {{ModId}}_Chamomile_Tea {{ModId}}_Chrysanthemum_Tea {{ModId}}_Health_Blend_Tea {{ModId}}_Jasmine_Tea {{ModId}}_Lavender_Tea {{ModId}}_Osmanthus_Tea",
                    "Delimiter": " "
                },
                // dishes
                {
                    "Operation": "Append",
                    "Target": ["Entries", "Universal_Neutral"],
                    "Value": "{{ModId}}_Mooncake {{ModId}}_Candied_Orange_Peel {{ModId}}_Rice_Porridge {{ModId}}_Tea_Eggs",
                    "Delimiter": " "
                },
                // crops
                {
                    "Operation": "Append",
                    "Target": ["Entries", "Universal_Neutral"],
                    "Value": "{{ModId}}_Cassia_Flower {{ModId}}_Chamomile {{ModId}}_Chrysanthemum {{ModId}}_Goji_Berry {{ModId}}_Jasmine {{ModId}}_Lavender {{ModId}}_Osmanthus",
                    "Delimiter": " "
                },
                // other
                {
                    "Operation": "Append",
                    "Target": ["Entries", "Universal_Neutral"],
                    "Value": "{{ModId}}_Cassia_Seeds {{ModId}}__Dried_Goji_Berries {{ModId}}_Dried_Lotus_Seeds {{ModId}}_Dried_Orange_Peel {{ModId}}_Dried_Strawberries {{ModId}}_Lily_Bulb_2 {{ModId}}_Rock_Sugar",
                    "Delimiter": " "
                },

                {
                    "Operation": "Append",
                    "Target": ["Fields", "Caroline", "1"],
                    "Value": "{{ModId}}_Tea_Eggs",
                    "Delimiter": " "
                },
                {
                    "Operation": "Append",
                    "Target": ["Fields", "Caroline", "3"],
                    "Value": "{{ModId}}_Barley_Tea {{ModId}}_Brown_Rice_Tea {{ModId}}_Cassia_Tea {{ModId}}_Chamomile_Tea {{ModId}}_Chrysanthemum_Tea {{ModId}}_Health_Blend_Tea {{ModId}}_Jasmine_Tea {{ModId}}_Lavender_Tea {{ModId}}_Osmanthus_Tea",
                    "Delimiter": " "
                },

                {
                    "Operation": "Append",
                    "Target": ["Fields", "Clint", "3"],
                    "Value": "{{ModId}}_Rock_Sugar",
                    "Delimiter": " "
                },
                {
                    "Operation": "Append",
                    "Target": ["Fields", "Clint", "7"],
                    "Value": "{{ModId}}_Barley_Tea {{ModId}}_Brown_Rice_Tea {{ModId}}_Cassia_Tea {{ModId}}_Chamomile_Tea {{ModId}}_Chrysanthemum_Tea {{ModId}}_Health_Blend_Tea {{ModId}}_Jasmine_Tea {{ModId}}_Lavender_Tea {{ModId}}_Osmanthus_Tea {{ModId}}_Rice_Porridge {{ModId}}_Cassia_Seeds {{ModId}}__Dried_Goji_Berries {{ModId}}_Dried_Lotus_Seeds",
                    "Delimiter": " "
                },

                {
                    "Operation": "Append",
                    "Target": ["Fields", "Demetrius", "1"],
                    "Value": "{{ModId}}_Rice_Porridge {{ModId}}_Mooncake {{ModId}}_Chamomile_Tea",
                    "Delimiter": " "
                },

                {
                    "Operation": "Append",
                    "Target": ["Fields", "Dwarf", "1"],
                    "Value": "{{ModId}}_Rock_Sugar",
                    "Delimiter": " "
                },

                {
                    "Operation": "Append",
                    "Target": ["Fields", "Evelyn", "3"],
                    "Value": "{{ModId}}_Osmanthus_Tea {{ModId}}_Candied_Orange_Peel {{ModId}}_Dried_Strawberries {{ModId}}_Cassia_Flower {{ModId}}_Chamomile {{ModId}}_Jasmine {{ModId}}_Lavender {{ModId}}_Osmanthus",
                    "Delimiter": " "
                },

                {
                    "Operation": "Append",
                    "Target": ["Fields", "George", "3"],
                    "Value": "{{ModId}}_Tea_Eggs",
                    "Delimiter": " "
                },

                {
                    "Operation": "Append",
                    "Target": ["Fields", "Gus", "1"],
                    "Value": "{{ModId}}_Candied_Orange_Peel",
                    "Delimiter": " "
                },
                {
                    "Operation": "Append",
                    "Target": ["Fields", "Gus", "3"],
                    "Value": "{{ModId}}_Barley_Tea",
                    "Delimiter": " "
                },

                {
                    "Operation": "Append",
                    "Target": ["Fields", "Jas", "1"],
                    "Value": "{{ModId}}_Dried_Strawberries",
                    "Delimiter": " "
                },
                {
                    "Operation": "Append",
                    "Target": ["Fields", "Jas", "3"],
                    "Value": "{{ModId}}_Mooncake",
                    "Delimiter": " "
                },

                {
                    "Operation": "Append",
                    "Target": ["Fields", "Kent", "1"],
                    "Value": "",
                    "Delimiter": " "
                },

                {
                    "Operation": "Append",
                    "Target": ["Fields", "Leo", "1"],
                    "Value": "{{ModId}}_Barley_Tea",
                    "Delimiter": " "
                },
                {
                    "Operation": "Append",
                    "Target": ["Fields", "Leo", "3"],
                    "Value": "{{ModId}}_Candied_Orange_Peel ",
                    "Delimiter": " "
                },

                {
                    "Operation": "Append",
                    "Target": ["Fields", "Lewis", "1"],
                    "Value": "{{ModId}}_Brown_Rice_Tea",
                    "Delimiter": " "
                },

                {
                    "Operation": "Append",
                    "Target": ["Fields", "Linus", "1"],
                    "Value": "{{ModId}}_Jasmine_Tea",
                    "Delimiter": " "
                },

                {
                    "Operation": "Append",
                    "Target": ["Fields", "Robin", "3"],
                    "Value": "{{ModId}}_Candied_Orange_Peel",
                    "Delimiter": " "
                },

                {
                    "Operation": "Append",
                    "Target": ["Fields", "Sandy", "1"],
                    "Value": "{{ModId}}_Barley_Tea",
                    "Delimiter": " "
                },

                {
                    "Operation": "Append",
                    "Target": ["Fields", "Vincent", "1"],
                    "Value": "{{ModId}}_Candied_Orange_Peel",
                    "Delimiter": " "
                },

                {
                    "Operation": "Append",
                    "Target": ["Fields", "Willy", "3"],
                    "Value": "{{ModId}}_Barley_Tea {{ModId}}_Brown_Rice_Tea",
                    "Delimiter": " "
                },

                {
                    "Operation": "Append",
                    "Target": ["Fields", "Wizard", "3"],
                    "Value": "{{ModId}}_Mooncake {{ModId}}__Dried_Goji_Berries",
                    "Delimiter": " "
                }
            ]
        }
    ]
}