{
    "Format": "2.0.0",

    "ConfigSchema": {
        "TeaRecipes": {
            "Description": "{{i18n:Config.TeaRecipes.description}}",
            "AllowValues": "true, false",
            "Default": "false",
            "AllowBlank": false,
            "AllowMultiple": false
        },
        "TeaBrewing": {
            "Description": "{{i18n:Config.TeaBrewing.description}}",
            "AllowValues": "true, false",
            "Default": "true",
            "AllowBlank": false,
            "AllowMultiple": false
        },
        "CustomDehydratorRules": {
            "Description": "{{i18n:Config.CustomDehydratorRules.description}}",
            "AllowValues": "true, false",
            "Default": "true",
            "AllowBlank": false,
            "AllowMultiple": false
        },
        "QuaintLivingFlowerGarden2Compatability": {
            "Description": "{{i18n:Config.QuaintLivingFlowerGarden2Compatability.description}}",
            "AllowValues": "true, false",
            "Default": "true",
            "AllowBlank": false,
            "AllowMultiple": false
        },
        "CornucopiaCompatability": {
            "Description": "{{i18n:Config.CornucopiaCompatability.description}}",
            "AllowValues": "default, extended, false",
            "Default": "default",
            "AllowBlank": false,
            "AllowMultiple": false
        },
        "WildFlourCompatability": {
            "Description": "{{i18n:Config.WildFlourCompatability.description}}",
            "AllowValues": "true, false",
            "Default": "true",
            "AllowBlank": false,
            "AllowMultiple": false
        }
    },

    "DynamicTokens": [
        {
            "Name": "KeepQLFG2Dupes",
            "Value": "false"
        },
        {
            "Name": "KeepQLFG2Dupes",
            "Value": "true",
            "When": {
                "HasMod |contains=PC.CP.QL.FlowerGarden2": false
            }
        },
        {
            "Name": "KeepQLFG2Dupes",
            "Value": "true",
            "When": {
                "QuaintLivingFlowerGarden2Compatability": false
            }
        },

        {
            "Name": "KeepCCDupes",
            "Value": "false"
        },
        {
            "Name": "KeepCCDupes",
            "Value": "true",
            "When": {
                "HasMod |contains=Cornucopia.MoreCrops": false
            }
        },
        {
            "Name": "KeepCCDupes",
            "Value": "true",
            "When": {
                "CornucopiaCompatability": "default"
            }
        },

        {
            "Name": "KeepCFDupes",
            "Value": "false"
        },
        {
            "Name": "KeepCFDupes",
            "Value": "true",
            "When": {
                "HasMod |contains=Cornucopia.MoreFlowers": false
            }
        },
        {
            "Name": "KeepCFDupes",
            "Value": "true",
            "When": {
                "CornucopiaCompatability": "default"
            }
        },

        {
            "Name": "KeepWFCFDupes",
            "Value": "false"
        },
        {
            "Name": "KeepWFCFDupes",
            "Value": "true",
            "When": {
                "HasMod |contains=wildflour.ateliercrops": false
            }
        },
        {
            "Name": "KeepWFCFDupes",
            "Value": "true",
            "When": {
                "WildFlourCompatability": false
            }
        }
    ],

    "Changes": [
        {
            "LogName": "Objects",
            "Action": "Include",
            "FromFile": "Data/ObjectContent.json"
        },
        {
            "LogName": "Crafting Recipes",
            "Action": "Include",
            "FromFile": "data/Recipes/CraftingRecipes.json"
        },
        {
            "LogName": "Tea Recipes",
            "Action": "Include",
            "FromFile": "data/Recipes/TeaRecipes.json"
        },
        {
            "LogName": "Cooking Recipes",
            "Action": "Include",
            "FromFile": "data/Recipes/CookingRecipes.json"
        },
        {
            "LogName": "NPCs",
            "Action": "Include",
            "FromFile": "data/NPCs.json"
        }
    ]
}