{
    "Name": "Soju",
    "Description": "Drink in moderation.",
    "Category": "ArtisanGoods",
    "Edibility": 26,
    "EdibleIsDrink": true,
    "Price": 340, 
    "IsColored": false, 
    "Recipe": null, 
    "GiftTastes":
    {
        "Love": ["Haley", "Maru", "Sandy"], 
        "Like": ["Gus", "Emily", "Sam", "Pam", "Sebastian", "Shane", "Krobus"],
        "Neutral": null,
        "Dislike": ["Elliott", "Clint"],
        "Hate": ["Harvey", "Jas", "Vincent", "Leo", "Penny"]
    },
    "CanPurchase": true, 
    "PurchaseFrom": "ResortBar", 
    "PurchasePrice": 1200,
	"ContextTags": ["alcohol_item, color_green"],

    "NameLocalization":
    {
        "es": "Soju",
        "ko": "소주",
        "de": "Soju",
        "fr": "Soju",
        "hu": "Soju",
        "it": "Soju",
        "ja": "焼酎",
        "pt": "Soju",
        "ru": "Соджу",
        "tr": "Soju",
        "zh": "烧酒"
    },
    "DescriptionLocalization":
    {
        "es": "Beber con moderación.",
        "ko": "적당히 마시십시오.",
        "de": "Trinken Sie in Maßen.",
        "fr": "A boire avec modération.",
        "hu": "Igyon mértékkel.",
        "it": "Bere con moderazione.",
        "ja": "適度にお飲みください。",
        "pt": "Beba com moderação.",
        "ru": "Пейте умеренно.",
        "tr": "Ölçülü olarak iç.",
        "zh": "适量饮酒。"
    }
}