{
    "Format": "1.29.0",
    "Changes": [
        {
            "Action": "EditData",
            "Target": "Data/ObjectContextTags",
            "TextOperations": [
                // ========== VANILLA ITEMS ==========
                {
                    "Operation": "Append",
                    "Target": [ "Entries", "Apple"],
                    "Value": "cider_item",
                    "Delimiter": ","
                },
                {
                    "Operation": "Append",
                    "Target": [ "Entries", "Beet"],
                    "Value": "rum_item",
                    "Delimiter": ","
                },
                {
                    "Operation": "Append",
                    "Target": [ "Entries", "Corn"],
                    "Value": "whiskey_item, vodka_item",
                    "Delimiter": ","
                },
                {
                    "Operation": "Append",
                    "Target": [ "Entries", "Potato"],
                    "Value": "ale_item, vodka_item",
                    "Delimiter": ","
                },
                {
                    "Operation": "Append",
                    "Target": [ "Entries", "Sugar"],
                    "Value": "rum_item",
                    "Delimiter": ","
                },
                {
                    "Operation": "Append",
                    "Target": [ "Entries", "Unmilled Rice"],
                    "Value": "soju_item",
                    "Delimiter": ","
                },
                {
                    "Operation": "Append",
                    "Target": [ "Entries", "Wheat"],
                    "Value": "vodka_item",
                    "Delimiter": ","
                },
                {
                    "Operation": "Append",
                    "Target": [ "Entries", "Yam"],
                    "Value": "soju_item",
                    "Delimiter": ","
                },

                // ========== GRAIN OVERHULL ITEMS ==========
                {
                    "Operation": "Append",
                    "Target": [ "Entries", "Barley"],
                    "Value": "whiskey_item, ale_item",
                    "Delimiter": ","
                },
                {
                    "Operation": "Append",
                    "Target": [ "Entries", "Buckwheat"],
                    "Value": "whiskey_item",
                    "Delimiter": ","
                },
                {
                    "Operation": "Append",
                    "Target": [ "Entries", "Millet"],
                    "Value": "ale_item",
                    "Delimiter": ","
                },
                {
                    "Operation": "Append",
                    "Target": [ "Entries", "Oat"],
                    "Value": "whiskey_item",
                    "Delimiter": ","
                },
                {
                    "Operation": "Append",
                    "Target": [ "Entries", "Rye"],
                    "Value": "ale_item, vodka_item",
                    "Delimiter": ","
                },
                {
                    "Operation": "Append",
                    "Target": [ "Entries", "Sorghum"],
                    "Value": "ale_item, whiskey_item",
                    "Delimiter": ","
                }
            ]
        }
    ]
}