[
    // ========== TAG-SPECIFIC ==========
    { 
        "ProducerName": "Distiller",
        "InputIdentifier": "ale_item",
        "InputStack": 1,
        "InputPriceBased": true,
		"OutputPriceIncrement": 300,
		"OutputPriceMultiplier": 2,
        "MinutesUntilReady": 1600,
        "SubtractTimeOfDay": true,
        "OutputIdentifier": "Pale Ale",
        "OutputName": "{inputName} Ale",
        "DelayedSounds": [ { "bubbles": 50 } ],
        "PlacingAnimation": "Bubbles",
        "PlacingAnimationColorName": "White",
        "IncrementStatsLabelOnInput": [ "BeveragesMade" ],
		"Sounds": [ "Ship" ],
        "WarningsLogLevel": "Warn"
    },
    { 
        "ProducerName": "Distiller",
        "InputIdentifier": "cider_item",
        "InputStack": 1,
        "InputPriceBased": true,
		"OutputPriceIncrement": 340,
		"OutputPriceMultiplier": 2,
        "MinutesUntilReady": 1600,
        "SubtractTimeOfDay": true,
        "OutputIdentifier": "Cider",
        "OutputName": "{inputName} Cider",
        "DelayedSounds": [ { "bubbles": 50 } ],
        "PlacingAnimation": "Bubbles",
        "PlacingAnimationColorName": "White",
        "IncrementStatsLabelOnInput": [ "BeveragesMade" ],
		"Sounds": [ "Ship" ],
        "WarningsLogLevel": "Warn"
    },
    { 
        "ProducerName": "Distiller",
        "InputIdentifier": "fruit_item",
        "InputStack": 1,
        "InputPriceBased": true,
		"OutputPriceIncrement": 340,
		"OutputPriceMultiplier": 2,
		"ExcludeIdentifiers": [ "cider_item" ],
        "MinutesUntilReady": 1600,
        "SubtractTimeOfDay": true,
        "OutputIdentifier": "Brandy",
        "OutputName": "{inputName} Brandy",
        "DelayedSounds": [ { "bubbles": 50 } ],
        "PlacingAnimation": "Bubbles",
        "PlacingAnimationColorName": "White",
        "IncrementStatsLabelOnInput": [ "BeveragesMade" ],
		"Sounds": [ "Ship" ],
        "WarningsLogLevel": "Warn"
    },
    { 
        "ProducerName": "Distiller",
        "InputIdentifier": "rum_item",
        "InputStack": 1,
        "InputPriceBased": true,
		"OutputPriceIncrement": 340,
		"OutputPriceMultiplier": 2,
        "MinutesUntilReady": 1600,
        "SubtractTimeOfDay": true,
        "OutputIdentifier": "Rum",
        "OutputName": "{inputName} Rum",
        "DelayedSounds": [ { "bubbles": 50 } ],
        "PlacingAnimation": "Bubbles",
        "PlacingAnimationColorName": "White",
        "IncrementStatsLabelOnInput": [ "BeveragesMade" ],
		"Sounds": [ "Ship" ],
        "WarningsLogLevel": "Warn"
    },
    { 
        "ProducerName": "Distiller",
        "InputIdentifier": "soju_item",
        "InputStack": 1,
        "InputPriceBased": true,
		"OutputPriceIncrement": 150,
		"OutputPriceMultiplier": 2,
        "MinutesUntilReady": 1600,
        "SubtractTimeOfDay": true,
        "OutputIdentifier": "Soju",
        "OutputName": "Soju",
        "DelayedSounds": [ { "bubbles": 50 } ],
        "PlacingAnimation": "Bubbles",
        "PlacingAnimationColorName": "White",
        "IncrementStatsLabelOnInput": [ "BeveragesMade" ],
		"Sounds": [ "Ship" ],
        "WarningsLogLevel": "Warn"
    },
    { 
        "ProducerName": "Distiller",
        "InputIdentifier": "whiskey_item",
        "InputStack": 1,
        "InputPriceBased": true,
		"OutputPriceIncrement": 600,
		"OutputPriceMultiplier": 2,
        "MinutesUntilReady": 1600,
        "SubtractTimeOfDay": true,
        "OutputIdentifier": "Whiskey",
        "OutputName": "{inputName} Whiskey",
        "DelayedSounds": [ { "bubbles": 50 } ],
        "PlacingAnimation": "Bubbles",
        "PlacingAnimationColorName": "White",
        "IncrementStatsLabelOnInput": [ "BeveragesMade" ],
		"Sounds": [ "Ship" ],
        "WarningsLogLevel": "Warn"
    },
    { 
        "ProducerName": "Distiller",
        "InputIdentifier": "vodka_item",
        "InputStack": 1,
        "InputPriceBased": true,
		"OutputPriceIncrement": 700,
		"OutputPriceMultiplier": 2,
        "MinutesUntilReady": 1600,
        "SubtractTimeOfDay": true,
        "OutputIdentifier": "Vodka",
        "OutputName": "{inputName} Vodka",
        "DelayedSounds": [ { "bubbles": 50 } ],
        "PlacingAnimation": "Bubbles",
        "PlacingAnimationColorName": "White",
        "IncrementStatsLabelOnInput": [ "BeveragesMade" ],
		"Sounds": [ "Ship" ],
        "WarningsLogLevel": "Warn"
    },

    // ========== ITEM-SPECIFIC ==========
    { 
        "ProducerName": "Distiller",
        "InputIdentifier": "Oak Resin",
        "InputStack": 1,
        "InputPriceBased": true,
		"OutputPriceIncrement": 800,
		"OutputPriceMultiplier": 3,
        "MinutesUntilReady": 1600,
        "SubtractTimeOfDay": true,
        "OutputIdentifier": "Vodka",
        "OutputName": "Oak Spirit",
        "DelayedSounds": [ { "bubbles": 50 } ],
        "PlacingAnimation": "Bubbles",
        "PlacingAnimationColorName": "White",
        "IncrementStatsLabelOnInput": [ "BeveragesMade" ],
		"Sounds": [ "Ship" ],
        "WarningsLogLevel": "Warn"
    },
    { 
        "ProducerName": "Distiller",
        "InputIdentifier": "Maple Syrup",
        "InputStack": 1,
        "InputPriceBased": true,
		"OutputPriceIncrement": 320,
		"OutputPriceMultiplier": 5,
        "MinutesUntilReady": 1600,
        "SubtractTimeOfDay": true,
        "OutputIdentifier": "Mead",
        "OutputName": "Maple Spirit",
        "DelayedSounds": [ { "bubbles": 50 } ],
        "PlacingAnimation": "Bubbles",
        "PlacingAnimationColorName": "White",
        "IncrementStatsLabelOnInput": [ "BeveragesMade" ],
		"Sounds": [ "Ship" ],
        "WarningsLogLevel": "Warn"
    },
    { 
        "ProducerName": "Distiller",
        "InputIdentifier": "Pine Tar",
        "InputStack": 1,
        "InputPriceBased": true,
		"OutputPriceIncrement": 800,
		"OutputPriceMultiplier": 3,
        "MinutesUntilReady": 1600,
        "SubtractTimeOfDay": true,
        "OutputIdentifier": "Vodka",
        "OutputName": "Pine Spirit",
        "DelayedSounds": [ { "bubbles": 50 } ],
        "PlacingAnimation": "Bubbles",
        "PlacingAnimationColorName": "White",
        "IncrementStatsLabelOnInput": [ "BeveragesMade" ],
		"Sounds": [ "Ship" ],
        "WarningsLogLevel": "Warn"
    },
    { 
        "ProducerName": "Distiller",
        "InputIdentifier": "Sorghum",
        "InputStack": 1,
        "InputPriceBased": true,
		"OutputPriceIncrement": 500,
		"OutputPriceMultiplier": 3,
        "MinutesUntilReady": 1600,
        "SubtractTimeOfDay": true,
        "OutputIdentifier": "Rum",
        "OutputName": "Baijiu",
        "DelayedSounds": [ { "bubbles": 50 } ],
        "PlacingAnimation": "Bubbles",
        "PlacingAnimationColorName": "White",
        "IncrementStatsLabelOnInput": [ "BeveragesMade" ],
		"Sounds": [ "Ship" ],
        "WarningsLogLevel": "Warn"
    }
]