{
    "Name": "Whiskey",
    "Description": "Drink in moderation.",
    "Category": "ArtisanGoods",
    "Edibility": 17,
    "EdibleIsDrink": true,
    "EdibleBuffs":
    {
        "Farming": 0,
        "Fishing": 0,
        "Mining": 0,
        "Luck": 1,
        "Foraging": 0,
        "MaxStamina": -5,
        "MagnetRadius": 0,
        "Speed": -1,
        "Defense": 0,
        "Attack": 0,
        "Duration": 20
    },
    "Price": 200, 
    "IsColored": false, 
    "Recipe": null, 
    "GiftTastes":
    {
        "Love": ["Kent", "Gus"], 
        "Like": ["Wizard", "Robin", "Demetrius", "Krobus"],
        "Neutral": null,
        "Dislike": ["Abigail", "Sam"],
        "Hate": ["Harvey", "Jas", "Vincent", "Leo", "Penny"]
    },
    "CanPurchase": true, 
    "PurchaseFrom": "ResortBar", 
    "PurchasePrice": 1600,
	"ContextTags": ["alcohol_item, color_brown"],

    "NameLocalization":
    {
        "es": "Whisky", 
        "ko": "위스키", 
        "de": "Whiskey", 
        "fr": "Whisky", 
        "hu": "Whisky", 
        "it": "Whisky", 
        "ja": "ウィスキー", 
        "pt": "Uísque",
        "ru": "Виски", 
        "tr": "Viski", 
        "zh": "威士忌酒" 
    },
    "DescriptionLocalization":
    {
        "es": "Beber con moderación.",
        "ko": "적당히 마시십시오.",
        "de": "Trinken Sie in Maßen.",
        "fr": "A boire avec modération.",
        "hu": "Igyon mértékkel.",
        "it": "Bere con moderazione.",
        "ja": "適度にお飲みください。",
        "pt": "Beba com moderação.",
        "ru": "Пейте умеренно.",
        "tr": "Ölçülü olarak iç.",
        "zh": "适量饮酒。"
    }
}