{
    "Changes": [
        {
            "LogName": "Load Crops Tilesheet",
            "Action": "Load",
            "Target": "{{ModId}}/Crops",
            "FromFile": "assets/Crops/Crops.png"
        },
        {
            "Action": "EditData",
            "Target": "Data/Crops",
            "Entries": {
                "{{ModId}}_Barley_Seeds": { 
                    "Seasons": [ "spring" ],
                    "DaysInPhase": [ 1, 1, 1, 1 ],
                    "RegrowDays": -1,
                    "IsRaised": false,
                    "IsPaddyCrop": false,
                    "PlantableLocationRules": null,
                    "HarvestItemId": "{{ModId}}_Barley",
                    "HarvestMinStack": 1,
                    "HarvestMaxStack": 1,
                    "HarvestMaxIncreasePerFarmingLevel": 0.0,
                    "ExtraHarvestChance": 0.0,
                    "HarvestMethod": "Scythe",
                    "HarvestMinQuality": 0,
                    "HarvestMaxQuality": null,
                    "TintColors": [],
                    "Texture": "{{ModId}}/Crops",
                    "SpriteIndex": 0,
                    "CustomFields": {}
                },
                "{{ModId}}_Buckwheat_Seeds": { 
                    "Seasons": [ "spring", "summer" ],
                    "DaysInPhase": [ 1, 1, 1, 1, 1 ],
                    "RegrowDays": -1,
                    "IsRaised": false,
                    "IsPaddyCrop": false,
                    "PlantableLocationRules": null,
                    "HarvestItemId": "{{ModId}}_Buckwheat",
                    "HarvestMinStack": 1,
                    "HarvestMaxStack": 1,
                    "HarvestMaxIncreasePerFarmingLevel": 0.0,
                    "ExtraHarvestChance": 0.0,
                    "HarvestMethod": "Grab",
                    "HarvestMinQuality": 0,
                    "HarvestMaxQuality": null,
                    "TintColors": [],
                    "Texture": "{{ModId}}/Crops",
                    "SpriteIndex": 1,
                    "CustomFields": {}
                },
                "{{ModId}}_Millet_Seeds": { 
                    "Seasons": [ "spring" ],
                    "DaysInPhase": [ 1, 1, 1, 1 ],
                    "RegrowDays": -1,
                    "IsRaised": false,
                    "IsPaddyCrop": false,
                    "PlantableLocationRules": null,
                    "HarvestItemId": "{{ModId}}_Millet",
                    "HarvestMinStack": 1,
                    "HarvestMaxStack": 1,
                    "HarvestMaxIncreasePerFarmingLevel": 0.0,
                    "ExtraHarvestChance": 0.0,
                    "HarvestMethod": "Scythe",
                    "HarvestMinQuality": 0,
                    "HarvestMaxQuality": null,
                    "TintColors": [],
                    "Texture": "{{ModId}}/Crops",
                    "SpriteIndex": 2,
                    "CustomFields": {}
                },
                "{{ModId}}_Oat_Seeds": { 
                    "Seasons": [ "spring" ],
                    "DaysInPhase": [ 1, 1, 1, 1 ],
                    "RegrowDays": -1,
                    "IsRaised": false,
                    "IsPaddyCrop": false,
                    "PlantableLocationRules": null,
                    "HarvestItemId": "{{ModId}}_Oat",
                    "HarvestMinStack": 1,
                    "HarvestMaxStack": 1,
                    "HarvestMaxIncreasePerFarmingLevel": 0.0,
                    "ExtraHarvestChance": 0.0,
                    "HarvestMethod": "Scythe",
                    "HarvestMinQuality": 0,
                    "HarvestMaxQuality": null,
                    "TintColors": [],
                    "Texture": "{{ModId}}/Crops",
                    "SpriteIndex": 3,
                    "CustomFields": {}
                },
                "{{ModId}}_Rye_Seeds": { 
                    "Seasons": [ "spring" ],
                    "DaysInPhase": [ 1, 1, 1, 1 ],
                    "RegrowDays": -1,
                    "IsRaised": false,
                    "IsPaddyCrop": false,
                    "PlantableLocationRules": null,
                    "HarvestItemId": "{{ModId}}_Rye",
                    "HarvestMinStack": 1,
                    "HarvestMaxStack": 1,
                    "HarvestMaxIncreasePerFarmingLevel": 0.0,
                    "ExtraHarvestChance": 0.0,
                    "HarvestMethod": "Scythe",
                    "HarvestMinQuality": 0,
                    "HarvestMaxQuality": null,
                    "TintColors": [],
                    "Texture": "{{ModId}}/Crops",
                    "SpriteIndex": 4,
                    "CustomFields": {}
                },
                "{{ModId}}_Sorghum_Seeds": { 
                    "Seasons": [ "spring" ],
                    "DaysInPhase": [ 1, 1, 1, 1 ],
                    "RegrowDays": -1,
                    "IsRaised": false,
                    "IsPaddyCrop": false,
                    "PlantableLocationRules": null,
                    "HarvestItemId": "{{ModId}}_Sorghum",
                    "HarvestMinStack": 1,
                    "HarvestMaxStack": 1,
                    "HarvestMaxIncreasePerFarmingLevel": 0.0,
                    "ExtraHarvestChance": 0.0,
                    "HarvestMethod": "Scythe",
                    "HarvestMinQuality": 0,
                    "HarvestMaxQuality": null,
                    "TintColors": [],
                    "Texture": "{{ModId}}/Crops",
                    "SpriteIndex": 5,
                    "CustomFields": {}
                }
            }
        }
    ]
}