{
    "Changes": [
        {
            "LogName": "Load Objects Tilesheet",
            "Action": "Load",
            "Target": "{{ModId}}/Objects",
            "FromFile": "assets/Objects/Objects.png"
        },
        {
            "LogName": "Load Seeds Tilesheet",
            "Action": "Load",
            "Target": "{{ModId}}/Seeds",
            "FromFile": "assets/Crops/Seeds.png"
        },
        {
            "LogName": "Objects Data",
            "Action": "EditData",
            "Target": "Data/Objects",
            "Entries": {
                "{{ModId}}_Barley": {
                    "Name": "{{ModId}}_Barley",
                    "DisplayName": "Barley",
                    "Description": "One of the most nutritional and widely cultivated grains.",
                    "Price": 25,
                    "Type": "Basic",
                    "Category": -75,
                    "Texture": "{{ModId}}/Objects",
                    "SpriteIndex": "0",
                    "Edibility": 46,
                    "ContextTags": ["color_yellow", "season_spring", "grain_item"]
                },
                "{{ModId}}_Barley_Seeds": {
                    "Name": "{{ModId}}_Barley_Seeds",
                    "DisplayName": "Barley Seeds",
                    "Description": "Plant these in spring. Takes 4 days to mature. Harvest with the scythe.",
                    "Price": 10,
                    "Type": "Seeds",
                    "Category": -74,
                    "Texture": "{{ModId}}/Seeds",
                    "SpriteIndex": "0",
                    "Edibility": -300
                },

                "{{ModId}}_Buckwheat": {
                    "Name": "{{ModId}}_Buckwheat",
                    "DisplayName": "Buckwheat",
                    "Description": "One of the most widely cultivated grains. Great for cooking!",
                    "Price": 30,
                    "Type": "Basic",
                    "Category": -80,
                    "Texture": "{{ModId}}/Objects",
                    "SpriteIndex": "1",
                    "Edibility": 34,
                    "ContextTags": ["color_pink", "season_spring", "season_summer", "flower_item"]
                },
                "{{ModId}}_Buckwheat_Seeds": {
                    "Name": "{{ModId}}_Buckwheat_Seeds",
                    "DisplayName": "Buckwheat Seeds",
                    "Description": "Plant these in spring or summer. Takes 5 days to mature. Harvest with the scythe.",
                    "Price": 200,
                    "Type": "Seeds",
                    "Category": -74,
                    "Texture": "{{ModId}}/Seeds",
                    "SpriteIndex": "1",
                    "Edibility": -300
                },

                "{{ModId}}_Millet": {
                    "Name": "{{ModId}}_Millet",
                    "DisplayName": "Millet",
                    "Description": "An ancient nutritional grain commonly used for cooking.",
                    "Price": 35,
                    "Type": "Basic",
                    "Category": -75,
                    "Texture": "{{ModId}}/Objects",
                    "SpriteIndex": "2",
                    "Edibility": 40,
                    "ContextTags": ["color_brown", "season_summer", "grain_item"]
                },
                "{{ModId}}_Millet_Seeds": {
                    "Name": "{{ModId}}_Millet_Seeds",
                    "DisplayName": "Millet Seeds",
                    "Description": "Plant these in summer. Takes 4 days to mature. Harvest with the scythe.",
                    "Price": 10,
                    "Type": "Seeds",
                    "Category": -74,
                    "Texture": "{{ModId}}/Seeds",
                    "SpriteIndex": "2",
                    "Edibility": -300
                },

                "{{ModId}}_Oat": {
                    "Name": "{{ModId}}_Oat",
                    "DisplayName": "Oat",
                    "Description": "A nutritious grain with lots of fiber and a variety of uses.",
                    "Price": 35,
                    "Type": "Basic",
                    "Category": -75,
                    "Texture": "{{ModId}}/Objects",
                    "SpriteIndex": "3",
                    "Edibility": 40,
                    "ContextTags": ["color_white", "season_spring", "grain_item"]
                },
                "{{ModId}}_Oat_Seeds": {
                    "Name": "{{ModId}}_Oat_Seeds",
                    "DisplayName": "Oat Seeds",
                    "Description": "Plant these in spring. Takes 4 days to mature. Harvest with the scythe.",
                    "Price": 16,
                    "Type": "Seeds",
                    "Category": -74,
                    "Texture": "{{ModId}}/Seeds",
                    "SpriteIndex": "3",
                    "Edibility": -300
                },

                "{{ModId}}_Rye": {
                    "Name": "{{ModId}}_Rye",
                    "DisplayName": "Rye",
                    "Description": "A hardy, nutritious grain used for baking and brewing.",
                    "Price": 40,
                    "Type": "Basic",
                    "Category": -75,
                    "Texture": "{{ModId}}/Objects",
                    "SpriteIndex": "4",
                    "Edibility": 40,
                    "ContextTags": ["color_dark_green", "season_summer", "season_fall", "grain_item"]
                },
                "{{ModId}}_Rye_Seeds": {
                    "Name": "{{ModId}}_Rye_Seeds",
                    "DisplayName": "Rye Seeds",
                    "Description": "Plant these in summer or fall. Takes 6 days to mature. Harvest with the scythe.",
                    "Price": 20,
                    "Type": "Seeds",
                    "Category": -74,
                    "Texture": "{{ModId}}/Seeds",
                    "SpriteIndex": "4",
                    "Edibility": -300
                },

                "{{ModId}}_Sorghum": {
                    "Name": "{{ModId}}_Sorghum",
                    "DisplayName": "Sorghum",
                    "Description": "A versatile, nutritional grain with a variety of uses.",
                    "Price": 40,
                    "Type": "Basic",
                    "Category": -75,
                    "Texture": "{{ModId}}/Objects",
                    "SpriteIndex": "5",
                    "Edibility": 40,
                    "ContextTags": ["color_orange", "season_spring", "season_summer", "grain_item"]
                },
                "{{ModId}}_Sorghum_Seeds": {
                    "Name": "{{ModId}}_Sorghum_Seeds",
                    "DisplayName": "Sorghum Seeds",
                    "Description": "Plant these in spring or summer. Takes 5 days to mature. Harvest with the scythe.",
                    "Price": 10,
                    "Type": "Seeds",
                    "Category": -74,
                    "Texture": "{{ModId}}/Seeds",
                    "SpriteIndex": "5",
                    "Edibility": -300
                }
            }
        },
        {
            "Action": "EditData",
            "Target": "Data/Objects",
            "Entries": 
            {
                "271": // Unmilled Rice
                {
                    "DisplayName": "Brown Rice"
                }
            }
        },
        {
            "Action": "EditData",
            "Target": "Data/ObjectContextTags",
            "TextOperations": [
                {
                    "Operation": "Append",
                    "Target": [ "Entries", "Wheat"],
                    "Value": "grain_item",
                    "Delimiter": ","
                },
                {
                    "Operation": "Append",
                    "Target": [ "Entries", "Wheat Flour"],
                    "Value": "grain_item",
                    "Delimiter": ","
                },
                {
                    "Operation": "Append",
                    "Target": [ "Entries", "Unmilled Rice"],
                    "Value": "grain_item",
                    "Delimiter": ","
                },
                {
                    "Operation": "Append",
                    "Target": [ "Entries", "Rice"],
                    "Value": "grain_item",
                    "Delimiter": ","
                },
                {
                    "Operation": "Append",
                    "Target": [ "Entries", "Amaranth"],
                    "Value": "grain_item",
                    "Delimiter": ","
                },
                {
                    "Operation": "Append",
                    "Target": [ "Entries", "Corn"],
                    "Value": "grain_item",
                    "Delimiter": ","
                }
            ]
        }
    ]
}