{
    "Name": "Rye",
    "Price": 40,
    "Product": "Rye",
    "SeedName": "Rye Seeds",
    "SeedDescription": "Plant these in summer or fall. Takes 6 days to mature. Harvest with the scythe.",
    "Type": "Vegetable",
    "SeedSellPrice": 10,
    "CropType": "Normal",
    "Seasons": ["summer", "fall"],
    "Phases": [1, 2, 2, 1],
    "RegrowthPhase": -1,
    "HarvestWithScythe": true,
    "TrellisCrop": false,
    "Colors": null,
    "SeedPurchasePrice": 20,
    "SeedPurchaseFrom": "SeedShop",
    "SeedPurchaseRequirements": null,

    "SeedNameLocalization":
    {
        "es": "",
        "ko": "",
        "de": "",
        "fr": "",
        "hu": "",
        "it": "",
        "ja": "",
        "pt": "",
        "ru": "",
        "tr": "",
        "zh": ""
    },
    "SeedDescriptionLocalization":
    {
        "es": "",
        "ko": "",
        "de": "",
        "fr": "",
        "hu": "",
        "it": "",
        "ja": "",
        "pt": "",
        "ru": "",
        "tr": "",
        "zh": ""
    }
}