{
    "Changes": [
        {
            "LogName": "Load Big Craftable Tilesheet",
            "Action": "Load",
            "Target": "{{ModId}}/BigCraftables",
            "FromFile": "assets/BigCraftables/Craftables.png"
        },
        {
            "LogName": "BigCraftable Data",
            "Action": "EditData",
            "Target": "Data/BigCraftables",
            "Entries": {
                "{{ModId}}_Teapot": {
                    "Name": "{{ModId}}_Teapot",
                    "DisplayName": "{{i18n:Teapot.name}}",
                    "Description": "{{i18n:Teapot.description}}",
                    "Price": 1000,
                    "Fragility": 0,
                    "CanBePlacedOutdoors": true,
                    "CanBePlacedIndoors": true,
                    "IsLamp": false,
                    "Texture": "{{ModId}}/BigCraftables",
                    "SpriteIndex": 0,
                    "CustomFields": null
                }
            }
        }
    ]
}