{
    "Changes": [
        {
            "LogName": "Add Rules for Teapot",
            "Action": "EditData",
            "Target": "Data/Machines",
            "Entries": {
                "(BC){{ModId}}_Teapot": {
                    "OutputRules": [
                        {
                            "Id": "{{ModId}}_Brown_Rice",
                            "Triggers": [
                                {
                                    "Trigger": "ItemPlacedInMachine",
                                    "RequiredItemId": "(O)271",
                                    "RequiredCount": 1
                                }
                            ],
                            "OutputItem": [
                                {
                                    "Id": "{{ModId}}_Brown_Rice_Tea",
                                    "ItemId": "(O){{ModId}}_Brown_Rice_Tea",
                                    "MinStack": 2,
                                    "CopyQuality": true,
                                    "CopyPrice": true,
                                    "PriceModifiers": [
                                        {
                                            "Modification": "Multiply",
                                            "Amount": 1.25
                                        }
                                    ]
                                }
                            ],
                            "MinutesUntilReady": 25
                        },
                        {
                            "Id": "{{ModId}}_Cassia",
                            "Triggers": [
                                {
                                    "Trigger": "ItemPlacedInMachine",
                                    "RequiredItemId": "(O){{ModId}}_Cassia_Seeds",
                                    "RequiredCount": 1
                                }
                            ],
                            "OutputItem": [
                                {
                                    "Id": "{{ModId}}_Cassia_Tea",
                                    "ItemId": "(O){{ModId}}_Cassia_Tea",
                                    "MinStack": 2,
                                    "CopyQuality": true,
                                    "CopyPrice": true,
                                    "PriceModifiers": [
                                        {
                                            "Modification": "Multiply",
                                            "Amount": 1.25
                                        }
                                    ]
                                }
                            ],
                            "MinutesUntilReady": 30
                        },
                        {
                            "Id": "{{ModId}}_Chamomile",
                            "Triggers": [
                                {
                                    "Trigger": "ItemPlacedInMachine",
                                    "RequiredItemId": "(O){{ModId}}_Chamomile",
                                    "RequiredCount": 1
                                }
                            ],
                            "OutputItem": [
                                {
                                    "Id": "{{ModId}}_Chamomile_Tea",
                                    "ItemId": "(O){{ModId}}_Chamomile_Tea",
                                    "MinStack": 2,
                                    "CopyQuality": true,
                                    "CopyPrice": true,
                                    "PriceModifiers": [
                                        {
                                            "Modification": "Multiply",
                                            "Amount": 1.25
                                        }
                                    ]
                                }
                            ],
                            "MinutesUntilReady": 20
                        },
                        {
                            "Id": "{{ModId}}_Chrysanthemum",
                            "Triggers": [
                                {
                                    "Trigger": "ItemPlacedInMachine",
                                    "RequiredItemId": "(O){{ModId}}_Chrysanthemum",
                                    "RequiredCount": 1
                                }
                            ],
                            "OutputItem": [
                                {
                                    "Id": "{{ModId}}_Chrysanthemum_Tea",
                                    "ItemId": "(O){{ModId}}_Chrysanthemum_Tea",
                                    "MinStack": 2,
                                    "CopyQuality": true,
                                    "CopyPrice": true,
                                    "PriceModifiers": [
                                        {
                                            "Modification": "Multiply",
                                            "Amount": 1.25
                                        }
                                    ]
                                }
                            ],
                            "MinutesUntilReady": 20
                        },
                        {
                            "Id": "{{ModId}}_Jasmine",
                            "Triggers": [
                                {
                                    "Trigger": "ItemPlacedInMachine",
                                    "RequiredItemId": "(O){{ModId}}_Jasmine",
                                    "RequiredCount": 3
                                }
                            ],
                            "OutputItem": [
                                {
                                    "Id": "{{ModId}}_Jasmine_Tea",
                                    "ItemId": "(O){{ModId}}_Jasmine_Tea",
                                    "MinStack": 1,
                                    "CopyQuality": true,
                                    "CopyPrice": true,
                                    "PriceModifiers": [
                                        {
                                            "Modification": "Multiply",
                                            "Amount": 1.25
                                        }
                                    ]
                                }
                            ],
                            "MinutesUntilReady": 20
                        },
                        {
                            "Id": "{{ModId}}_Lavender",
                            "Triggers": [
                                {
                                    "Trigger": "ItemPlacedInMachine",
                                    "RequiredItemId": "(O){{ModId}}_Lavender",
                                    "RequiredCount": 1
                                }
                            ],
                            "OutputItem": [
                                {
                                    "Id": "{{ModId}}_Lavender_Tea",
                                    "ItemId": "(O){{ModId}}_Lavender_Tea",
                                    "MinStack": 3,
                                    "CopyQuality": true,
                                    "CopyPrice": true,
                                    "PriceModifiers": [
                                        {
                                            "Modification": "Multiply",
                                            "Amount": 1.25
                                        }
                                    ]
                                }
                            ],
                            "MinutesUntilReady": 15
                        },
                        {
                            "Id": "{{ModId}}_Osmanthus",
                            "Triggers": [
                                {
                                    "Trigger": "ItemPlacedInMachine",
                                    "RequiredItemId": "(O){{ModId}}_Osmanthus",
                                    "RequiredCount": 5
                                }
                            ],
                            "OutputItem": [
                                {
                                    "Id": "{{ModId}}_Osmanthus_Tea",
                                    "ItemId": "(O){{ModId}}_Osmanthus_Tea",
                                    "MinStack": 1,
                                    "CopyQuality": true,
                                    "CopyPrice": true,
                                    "PriceModifiers": [
                                        {
                                            "Modification": "Multiply",
                                            "Amount": 1.25
                                        }
                                    ]
                                }
                            ],
                            "MinutesUntilReady": 20
                        }
                    ],
                    "InvalidItemMessage": "Can't Brew This",
                    "InvalidCountMessage": "Requires More Input",
                    "ShowNextIndexWhileWorking": true,
                    "ShowNextIndexWhenReady": true,
                    "WobbleWhileWorking": false,
                    "LoadEffects": [
                        {
                            "Id": "Default",
                            "Condition": null,
                            "Sounds": [
                                {
                                    "Id": "bubbles",
                                    "Delay": 0
                                },
                                {
                                    "Id": "sipTea",
                                    "Delay": 0
                                }
                            ],
                            "Frames": [
                                1,
                                2,
                                3
                            ],
                            "Interval": 200
                        }
                    ],
                    "WorkingEffects": [
                        {
                            "Frames": [
                                1,
                                2,
                                3
                            ],
                            "Interval": 200
                        }
                    ]
                }
            }
        },
        {
            "LogName": "Add Barley Tea Rule for Teapot",
            "Action": "EditData",
            "Target": "Data/Machines",
            "TargetField": [
                "(BC){{ModId}}_Teapot",
                "OutputRules"
            ],
            "When": {
                "HasMod |contains=slimerrain.grainsoverhullcp": true
            },
            "Entries": {
                "slimerrain.grainsoverhullcp_Barley": {
                    "Id": "slimerrain.grainsoverhullcp_Barley",
                    "Triggers": [
                        {
                            "Trigger": "ItemPlacedInMachine",
                            "RequiredItemId": "(O)slimerrain.grainsoverhullcp_Barley",
                            "RequiredCount": 1
                        }
                    ],
                    "OutputItem": [
                        {
                            "Id": "{{ModId}}_Barley_Tea",
                            "ItemId": "(O){{ModId}}_Barley_Tea",
                            "MinStack": 1,
                            "CopyQuality": true,
                            "CopyPrice": true,
                            "PriceModifiers": [
                                {
                                    "Modification": "Multiply",
                                    "Amount": 1.25
                                }
                            ]
                        }
                    ],
                    "MinutesUntilReady": 20
                }
            }
        },
        {
            "LogName": "Add QLFG2 Tea Rules for Teapot",
            "Action": "EditData",
            "Target": "Data/Machines",
            "TargetField": [
                "(BC){{ModId}}_Teapot",
                "OutputRules"
            ],
            "When": {
                "HasMod |contains=PC.CP.QL.FlowerGarden2": true
            },
            "Entries": {
                "{{ModId}}_QL_Jasmine": {
                    "Id": "{{ModId}}_QL_Jasmine",
                    "Triggers": [
                        {
                            "Trigger": "ItemPlacedInMachine",
                            "RequiredItemId": "(O)QL_Jasmine",
                            "RequiredCount": 1
                        }
                    ],
                    "OutputItem": [
                        {
                            "Id": "{{ModId}}_Jasmine_Tea",
                            "ItemId": "(O){{ModId}}_Jasmine_Tea",
                            "MinStack": 1,
                            "CopyQuality": true,
                            "CopyPrice": true,
                            "PriceModifiers": [
                                {
                                    "Modification": "Multiply",
                                    "Amount": 1.25
                                }
                            ]
                        }
                    ],
                    "MinutesUntilReady": 20
                },
                "{{ModId}}_QL_Lavender": {
                    "Id": "{{ModId}}_QL_Lavender",
                    "Triggers": [
                        {
                            "Trigger": "ItemPlacedInMachine",
                            "RequiredItemId": "(O)QL_Lavender",
                            "RequiredCount": 1
                        }
                    ],
                    "OutputItem": [
                        {
                            "Id": "{{ModId}}_Lavender_Tea",
                            "ItemId": "(O){{ModId}}_Lavender_Tea",
                            "MinStack": 1,
                            "CopyQuality": true,
                            "CopyPrice": true,
                            "PriceModifiers": [
                                {
                                    "Modification": "Multiply",
                                    "Amount": 1.25
                                }
                            ]
                        }
                    ],
                    "MinutesUntilReady": 15
                }
            }
        },
        {
            "LogName": "Add CF Tea Rules for Teapot",
            "Action": "EditData",
            "Target": "Data/Machines",
            "TargetField": [
                "(BC){{ModId}}_Teapot",
                "OutputRules"
            ],
            "When": {
                "HasMod |contains=Cornucopia.MoreFlowers": true
            },
            "Entries": {
                "{{ModId}}_CF_Chamomile": {
                    "Id": "{{ModId}}_CF_Chamomile",
                    "Triggers": [
                        {
                            "Trigger": "ItemPlacedInMachine",
                            "RequiredItemId": "(O)Cornucopia_Chamomile",
                            "RequiredCount": 1
                        }
                    ],
                    "OutputItem": [
                        {
                            "Id": "{{ModId}}_Chamomile_Tea",
                            "ItemId": "(O){{ModId}}_Chamomile_Tea",
                            "MinStack": 2,
                            "CopyQuality": true,
                            "CopyPrice": true,
                            "PriceModifiers": [
                                {
                                    "Modification": "Multiply",
                                    "Amount": 1.25
                                }
                            ]
                        }
                    ],
                    "MinutesUntilReady": 20
                },
                "{{ModId}}_CF_Chrysanthemum": {
                    "Id": "{{ModId}}_CF_Chrysanthemum",
                    "Triggers": [
                        {
                            "Trigger": "ItemPlacedInMachine",
                            "RequiredItemId": "(O)Cornucopia_Chrysanthemum",
                            "RequiredCount": 1
                        }
                    ],
                    "OutputItem": [
                        {
                            "Id": "{{ModId}}_Chrysanthemum_Tea",
                            "ItemId": "(O){{ModId}}_Chrysanthemum_Tea",
                            "MinStack": 2,
                            "CopyQuality": true,
                            "CopyPrice": true,
                            "PriceModifiers": [
                                {
                                    "Modification": "Multiply",
                                    "Amount": 1.25
                                }
                            ]
                        }
                    ],
                    "MinutesUntilReady": 20
                }
            }
        },
        {
            "LogName": "Add CF Tea Rules for Teapot",
            "Action": "EditData",
            "Target": "Data/Machines",
            "TargetField": [
                "(BC){{ModId}}_Teapot",
                "OutputRules"
            ],
            "When": {
                "HasMod |contains=Cornucopia.MoreFlowers": true,
                "CornucopiaCompatability": "extended"
            },
            "Entries": {
                "{{ModId}}_CF_Jasmine": {
                    "Id": "{{ModId}}_CF_Jasmine",
                    "Triggers": [
                        {
                            "Trigger": "ItemPlacedInMachine",
                            "RequiredItemId": "(O)Cornucopia_Jasmine",
                            "RequiredCount": 1
                        }
                    ],
                    "OutputItem": [
                        {
                            "Id": "{{ModId}}_Jasmine_Tea",
                            "ItemId": "(O){{ModId}}_Jasmine_Tea",
                            "MinStack": 2,
                            "CopyQuality": true,
                            "CopyPrice": true,
                            "PriceModifiers": [
                                {
                                    "Modification": "Multiply",
                                    "Amount": 1.25
                                }
                            ]
                        }
                    ],
                    "MinutesUntilReady": 20
                },
                "{{ModId}}_CF_Lavender": {
                    "Id": "{{ModId}}_CF_Lavender",
                    "Triggers": [
                        {
                            "Trigger": "ItemPlacedInMachine",
                            "RequiredItemId": "(O)Cornucopia_Lavender",
                            "RequiredCount": 1
                        }
                    ],
                    "OutputItem": [
                        {
                            "Id": "{{ModId}}_Lavender_Tea",
                            "ItemId": "(O){{ModId}}_Lavender_Tea",
                            "MinStack": 3,
                            "CopyQuality": true,
                            "CopyPrice": true,
                            "PriceModifiers": [
                                {
                                    "Modification": "Multiply",
                                    "Amount": 1.25
                                }
                            ]
                        }
                    ],
                    "MinutesUntilReady": 15
                }
            }
        },
        {
            "LogName": "Add QLFG2 Tea Rules for Teapot",
            "Action": "EditData",
            "Target": "Data/Machines",
            "TargetField": [
                "(BC){{ModId}}_Teapot",
                "OutputRules"
            ],
            "When": {
                "HasMod |contains=wildflour.ateliercrops": true
            },
            "Entries": {
                "{{ModId}}_WF_Chamomile": {
                    "Id": "{{ModId}}_WF_Chamomile",
                    "Triggers": [
                        {
                            "Trigger": "ItemPlacedInMachine",
                            "RequiredItemId": "(O)wildflour.ateliercrops_chamomile",
                            "RequiredCount": 1
                        }
                    ],
                    "OutputItem": [
                        {
                            "Id": "{{ModId}}_Chamomile_Tea",
                            "ItemId": "(O){{ModId}}_Chamomile_Tea",
                            "MinStack": 2,
                            "CopyQuality": true,
                            "CopyPrice": true,
                            "PriceModifiers": [
                                {
                                    "Modification": "Multiply",
                                    "Amount": 1.25
                                }
                            ]
                        }
                    ],
                    "MinutesUntilReady": 20
                },
                "{{ModId}}_WF_Jasmine": {
                    "Id": "{{ModId}}_WF_Jasmine",
                    "Triggers": [
                        {
                            "Trigger": "ItemPlacedInMachine",
                            "RequiredItemId": "(O)wildflour.ateliercrops_jasmine",
                            "RequiredCount": 1
                        }
                    ],
                    "OutputItem": [
                        {
                            "Id": "{{ModId}}_Jasmine_Tea",
                            "ItemId": "(O){{ModId}}_Jasmine_Tea",
                            "MinStack": 2,
                            "CopyQuality": true,
                            "CopyPrice": true,
                            "PriceModifiers": [
                                {
                                    "Modification": "Multiply",
                                    "Amount": 1.25
                                }
                            ]
                        }
                    ],
                    "MinutesUntilReady": 20
                },
                "{{ModId}}_WF_Lavender": {
                    "Id": "{{ModId}}_WF_Lavender",
                    "Triggers": [
                        {
                            "Trigger": "ItemPlacedInMachine",
                            "RequiredItemId": "(O)wildflour.ateliercrops_lavender",
                            "RequiredCount": 1
                        }
                    ],
                    "OutputItem": [
                        {
                            "Id": "{{ModId}}_Lavender_Tea",
                            "ItemId": "(O){{ModId}}_Lavender_Tea",
                            "MinStack": 3,
                            "CopyQuality": true,
                            "CopyPrice": true,
                            "PriceModifiers": [
                                {
                                    "Modification": "Multiply",
                                    "Amount": 1.25
                                }
                            ]
                        }
                    ],
                    "MinutesUntilReady": 15
                }
            }
        }
    ]
}