{
    "Format": "2.0.0",

    "ConfigSchema": {
        "RenameUnmilledRice": {
            "Description": "{{i18n:Config.RenameUnmilledRice.description}}",
            "AllowValues": "true, false",
            "Default": "true",
            "AllowBlank": false,
            "AllowMultiple": false
        },
        "RenameMilledRice": {
            "Description": "{{i18n:Config.RenameMilledRice.description}}",
            "AllowValues": "true, false",
            "Default": "true",
            "AllowBlank": false,
            "AllowMultiple": false
        },
        "Barley": {
            "Description": "{{i18n:Config.Barley.description}}",
            "AllowValues": "true, false",
            "Default": "true",
            "AllowBlank": false,
            "AllowMultiple": false
        },
        "Buckwheat": {
            "Description": "{{i18n:Config.Buckwheat.description}}",
            "AllowValues": "true, false",
            "Default": "true",
            "AllowBlank": false,
            "AllowMultiple": false
        },
        "Millet": {
            "Description": "{{i18n:Config.Millet.description}}",
            "AllowValues": "true, false",
            "Default": "true",
            "AllowBlank": false,
            "AllowMultiple": false
        },
        "Oats": {
            "Description": "{{i18n:Config.Oats.description}}",
            "AllowValues": "true, false",
            "Default": "true",
            "AllowBlank": false,
            "AllowMultiple": false
        },
        "Rye": {
            "Description": "{{i18n:Config.Rye.description}}",
            "AllowValues": "true, false",
            "Default": "true",
            "AllowBlank": false,
            "AllowMultiple": false
        },
        "Sorghum": {
            "Description": "{{i18n:Config.Sorghum.description}}",
            "AllowValues": "true, false",
            "Default": "true",
            "AllowBlank": false,
            "AllowMultiple": false
        }
    },

    "Changes": [
        { 
            "LogName": "Objects",
            "Action": "Include",
            "FromFile": "data/ObjectContent.json"
        },
        {
            "LogName": "NPCs",
            "Action": "Include",
            "FromFile": "Data/NPCs.json"
        },
        {
            "LogName": "NPCs",
            "Action": "Include",
            "FromFile": "Data/BigCraftables/PreservesJar.json"
        },
        {
            "LogName": "NPCs",
            "Action": "Include",
            "FromFile": "Data/BigCraftables/Keg.json"
        },
        {
            "LogName": "NPCs",
            "Action": "Include",
            "FromFile": "Data/ItemConversions/Mill.json"
        },
        {
            "LogName": "NPCs",
            "Action": "Include",
            "FromFile": "Data/Recipes.json"
        }
    ]
}