{
    "Changes": [
        {
            "Log": "Gift Taste for NPCs Data",
            "Action": "EditData",
            "Target": "Data/NPCGiftTastes",
            "TextOperations": [
                {
                    "Operation": "Append",
                    "Target": ["Fields", "Abigail", "3"],
                    "Value": "{{ModId}}_Rolled_Oats",
                    "Delimiter": " "
                },
                {
                    "Operation": "Append",
                    "Target": ["Fields", "Abigail", "5"],
                    "Value": "{{ModId}}_Barley {{ModId}}_Buckwheat {{ModId}}_Millet {{ModId}}_Rye {{ModId}}_Sorghum",
                    "Delimiter": " "
                },
                
                {
                    "Operation": "Append",
                    "Target": ["Fields", "Emily", "3"],
                    "Value": "{{ModId}}_Sorghum_Salad {{ModId}}_Rolled_Oats {{ModId}}_Barley {{ModId}}_Buckwheat {{ModId}}_Millet {{ModId}}_Rye {{ModId}}_Sorghum",
                    "Delimiter": " "
                },
                
                {
                    "Operation": "Append",
                    "Target": ["Fields", "Haley", "3"],
                    "Value": "{{ModId}}_Buckwheat",
                    "Delimiter": " "
                },
                {
                    "Operation": "Append",
                    "Target": ["Fields", "Haley", "7"],
                    "Value": "{{ModId}}_Rolled_Oats {{ModId}}_Barley {{ModId}}_Millet {{ModId}}_Rye {{ModId}}_Sorghum",
                    "Delimiter": " "
                },
                
                {
                    "Operation": "Append",
                    "Target": ["Fields", "Leah", "1"],
                    "Value": "{{ModId}}_Trail_Mix {{ModId}}_Sorghum_Salad",
                    "Delimiter": " "
                },
                {
                    "Operation": "Append",
                    "Target": ["Fields", "Leah", "3"],
                    "Value": "{{ModId}}_Rolled_Oats {{ModId}}_Barley {{ModId}}_Buckwheat {{ModId}}_Millet {{ModId}}_Rye {{ModId}}_Sorghum",
                    "Delimiter": " "
                },
                
                {
                    "Operation": "Append",
                    "Target": ["Fields", "Maru", "5"],
                    "Value": "{{ModId}}_Rolled_Oats {{ModId}}_Barley {{ModId}}_Buckwheat {{ModId}}_Millet {{ModId}}_Rye {{ModId}}_Sorghum",
                    "Delimiter": " "
                },
                
                {
                    "Operation": "Append",
                    "Target": ["Fields", "Penny", "3"],
                    "Value": "{{ModId}}_Rolled_Oats {{ModId}}_Buckwheat",
                    "Delimiter": " "
                },
                {
                    "Operation": "Append",
                    "Target": ["Fields", "Penny", "5"],
                    "Value": "{{ModId}}_Barley {{ModId}}_Millet {{ModId}}_Rye {{ModId}}_Sorghum",
                    "Delimiter": " "
                }
            ]
        }
    ]
}