{
    "Changes": [
        {
            "Log": "Gift Taste for NPCs Data",
            "Action": "EditData",
            "Target": "Data/NPCGiftTastes",
            "TextOperations": [
                {
                    "Operation": "Append",
                    "Target": ["Fields", "Alex", "1"],
                    "Value": "{{ModId}}_Rolled_Oats",
                    "Delimiter": " "
                },
                {
                    "Operation": "Append",
                    "Target": ["Fields", "Alex", "3"],
                    "Value": "{{ModId}}_Barley {{ModId}}_Buckwheat {{ModId}}_Millet {{ModId}}_Rye {{ModId}}_Sorghum",
                    "Delimiter": " "
                },

                
                {
                    "Operation": "Append",
                    "Target": ["Fields", "Elliott", "1"],
                    "Value": "{{ModId}}_Buckwheat {{ModId}}_Rye {{ModId}}_Sorghum {{ModId}}_Galette",
                    "Delimiter": " "
                },
                {
                    "Operation": "Append",
                    "Target": ["Fields", "Elliott", "3"],
                    "Value": "{{ModId}}_Rolled_Oats {{ModId}}_Barley",
                    "Delimiter": " "
                },
                {
                    "Operation": "Append",
                    "Target": ["Fields", "Elliott", "5"],
                    "Value": "{{ModId}}_Millet",
                    "Delimiter": " "
                },
                
                {
                    "Operation": "Append",
                    "Target": ["Fields", "Harvey", "1"],
                    "Value": "{{ModId}}_Rolled_Oats {{ModId}}_Barley",
                    "Delimiter": " "
                },
                {
                    "Operation": "Append",
                    "Target": ["Fields", "Harvey", "3"],
                    "Value": "{{ModId}}_Buckwheat {{ModId}}_Millet {{ModId}}_Rye {{ModId}}_Sorghum",
                    "Delimiter": " "
                },

                {
                    "Operation": "Append",
                    "Target": ["Fields", "Sam", "5"],
                    "Value": "{{ModId}}_Barley {{ModId}}_Buckwheat {{ModId}}_Millet {{ModId}}_Rolled_Oats {{ModId}}_Rye {{ModId}}_Sorghum",
                    "Delimiter": " "
                },

                {
                    "Operation": "Append",
                    "Target": ["Fields", "Sebastian", "7"],
                    "Value": "{{ModId}}_Barley {{ModId}}_Buckwheat {{ModId}}_Millet {{ModId}}_Rolled_Oats {{ModId}}_Rye {{ModId}}_Sorghum",
                    "Delimiter": " "
                },
                
                {
                    "Operation": "Append",
                    "Target": ["Fields", "Shane", "3"],
                    "Value": "{{ModId}}_Barley {{ModId}}_Buckwheat {{ModId}}_Millet {{ModId}}_Rolled_Oats {{ModId}}_Rye",
                    "Delimiter": " "
                },
                {
                    "Operation": "Append",
                    "Target": ["Fields", "Shane", "5"],
                    "Value": "{{ModId}}_Sorghum",
                    "Delimiter": " "
                }
            ]
        }
    ]
}