{
    "Changes": [
        {
            "Log": "Gift Taste for NPCs Data",
            "Action": "EditData",
            "Target": "Data/NPCGiftTastes",
            "TextOperations": [
                {
                    "Operation": "Append",
                    "Target": ["Fields", "Caroline", "5"],
                    "Value": "{{ModId}}_Rolled_Oats {{ModId}}_Barley {{ModId}}_Buckwheat {{ModId}}_Millet {{ModId}}_Rye {{ModId}}_Sorghum",
                    "Delimiter": " "
                },
                
                {
                    "Operation": "Append",
                    "Target": ["Fields", "Clint", "5"],
                    "Value": "{{ModId}}_Rolled_Oats {{ModId}}_Barley {{ModId}}_Buckwheat {{ModId}}_Millet {{ModId}}_Rye {{ModId}}_Sorghum",
                    "Delimiter": " "
                },
                
                {
                    "Operation": "Append",
                    "Target": ["Fields", "Demetrius", "1"],
                    "Value": "{{ModId}}_Barley {{ModId}}_Buckwheat {{ModId}}_Blueberry_Oatmeal",
                    "Delimiter": " "
                },
                {
                    "Operation": "Append",
                    "Target": ["Fields", "Demetrius", "3"],
                    "Value": "{{ModId}}_Rolled_Oats {{ModId}}_Millet {{ModId}}_Rye {{ModId}}_Sorghum",
                    "Delimiter": " "
                },
                
                {
                    "Operation": "Append",
                    "Target": ["Fields", "Dwarf", "5"],
                    "Value": "{{ModId}}_Rolled_Oats {{ModId}}_Barley {{ModId}}_Buckwheat {{ModId}}_Millet {{ModId}}_Rye {{ModId}}_Sorghum",
                    "Delimiter": " "
                },
                
                {
                    "Operation": "Append",
                    "Target": ["Fields", "Evelyn", "3"],
                    "Value": "{{ModId}}_Rolled_Oats {{ModId}}_Millet_Porridge",
                    "Delimiter": " "
                },
                {
                    "Operation": "Append",
                    "Target": ["Fields", "Evelyn", "5"],
                    "Value": "{{ModId}}_Barley {{ModId}}_Buckwheat {{ModId}}_Millet {{ModId}}_Rye {{ModId}}_Sorghum",
                    "Delimiter": " "
                },
                
                {
                    "Operation": "Append",
                    "Target": ["Fields", "George", "3"],
                    "Value": "{{ModId}}_Oat",
                    "Delimiter": " "
                },
                {
                    "Operation": "Append",
                    "Target": ["Fields", "George", "5"],
                    "Value": "{{ModId}}_Barley {{ModId}}_Buckwheat {{ModId}}_Millet {{ModId}}_Rye {{ModId}}_Sorghum",
                    "Delimiter": " "
                },
                
                {
                    "Operation": "Append",
                    "Target": ["Fields", "Gus", "5"],
                    "Value": "{{ModId}}_Rolled_Oats {{ModId}}_Barley {{ModId}}_Buckwheat {{ModId}}_Millet {{ModId}}_Rye {{ModId}}_Sorghum",
                    "Delimiter": " "
                },
                
                {
                    "Operation": "Append",
                    "Target": ["Fields", "Jas", "7"],
                    "Value": "{{ModId}}_Rolled_Oats {{ModId}}_Barley {{ModId}}_Buckwheat {{ModId}}_Millet {{ModId}}_Rye {{ModId}}_Sorghum",
                    "Delimiter": " "
                },
                
                {
                    "Operation": "Append",
                    "Target": ["Fields", "Jodi", "1"],
                    "Value": "{{ModId}}_Oat",
                    "Delimiter": " "
                },
                {
                    "Operation": "Append",
                    "Target": ["Fields", "Jodi", "5"],
                    "Value": "{{ModId}}_Barley {{ModId}}_Buckwheat {{ModId}}_Millet {{ModId}}_Rye {{ModId}}_Sorghum",
                    "Delimiter": " "
                },

                {
                    "Operation": "Append",
                    "Target": ["Fields", "Kent", "5"],
                    "Value": "{{ModId}}_Rolled_Oats {{ModId}}_Barley {{ModId}}_Buckwheat {{ModId}}_Millet {{ModId}}_Rye {{ModId}}_Sorghum",
                    "Delimiter": " "
                },
                
                {
                    "Operation": "Append",
                    "Target": ["Fields", "Krobus", "5"],
                    "Value": "{{ModId}}_Rolled_Oats {{ModId}}_Barley {{ModId}}_Buckwheat {{ModId}}_Millet {{ModId}}_Rye {{ModId}}_Sorghum",
                    "Delimiter": " "
                },
                
                {
                    "Operation": "Append",
                    "Target": ["Fields", "Leo", "3"],
                    "Value": "{{ModId}}_Barley {{ModId}}_Buckwheat",
                    "Delimiter": " "
                },
                {
                    "Operation": "Append",
                    "Target": ["Fields", "Leo", "5"],
                    "Value": "{{ModId}}_Rolled_Oats {{ModId}}_Millet {{ModId}}_Rye {{ModId}}_Sorghum",
                    "Delimiter": " "
                },
                
                {
                    "Operation": "Append",
                    "Target": ["Fields", "Lewis", "5"],
                    "Value": "{{ModId}}_Rolled_Oats {{ModId}}_Barley {{ModId}}_Buckwheat {{ModId}}_Millet {{ModId}}_Rye {{ModId}}_Sorghum",
                    "Delimiter": " "
                },
                
                {
                    "Operation": "Append",
                    "Target": ["Fields", "Linus", "3"],
                    "Value": "{{ModId}}_Rolled_Oats {{ModId}}_Barley {{ModId}}_Buckwheat {{ModId}}_Millet {{ModId}}_Rye {{ModId}}_Sorghum",
                    "Delimiter": " "
                },
                
                {
                    "Operation": "Append",
                    "Target": ["Fields", "Marnie", "3"],
                    "Value": "{{ModId}}_Rye_Bread {{ModId}}_Rolled_Oats {{ModId}}_Barley {{ModId}}_Buckwheat {{ModId}}_Millet {{ModId}}_Rye {{ModId}}_Sorghum",
                    "Delimiter": " "
                },
                
                {
                    "Operation": "Append",
                    "Target": ["Fields", "Pam", "7"],
                    "Value": "{{ModId}}_Rolled_Oats {{ModId}}_Barley {{ModId}}_Buckwheat {{ModId}}_Millet {{ModId}}_Rye {{ModId}}_Sorghum",
                    "Delimiter": " "
                },
                
                {
                    "Operation": "Append",
                    "Target": ["Fields", "Pierre", "7"],
                    "Value": "{{ModId}}_Rolled_Oats {{ModId}}_Barley {{ModId}}_Buckwheat {{ModId}}_Millet {{ModId}}_Rye {{ModId}}_Sorghum",
                    "Delimiter": " "
                },
                
                {
                    "Operation": "Append",
                    "Target": ["Fields", "Robin", "5"],
                    "Value": "{{ModId}}_Rolled_Oats {{ModId}}_Barley {{ModId}}_Buckwheat {{ModId}}_Millet {{ModId}}_Rye {{ModId}}_Sorghum",
                    "Delimiter": " "
                },

                {
                    "Operation": "Append",
                    "Target": ["Fields", "Sandy", "3"],
                    "Value": "{{ModId}}_Barley {{ModId}}_Buckwheat {{ModId}}_Rye",
                    "Delimiter": " "
                },
                {
                    "Operation": "Append",
                    "Target": ["Fields", "Sandy", "5"],
                    "Value": "{{ModId}}_Rolled_Oats {{ModId}}_Millet {{ModId}}_Sorghum",
                    "Delimiter": " "
                },
                
                {
                    "Operation": "Append",
                    "Target": ["Fields", "Vincent", "7"],
                    "Value": "{{ModId}}_Rolled_Oats {{ModId}}_Barley {{ModId}}_Buckwheat {{ModId}}_Millet {{ModId}}_Rye {{ModId}}_Sorghum",
                    "Delimiter": " "
                },
                
                {
                    "Operation": "Append",
                    "Target": ["Fields", "Willy", "1"],
                    "Value": "{{ModId}}_Rye",
                    "Delimiter": " "
                },
                {
                    "Operation": "Append",
                    "Target": ["Fields", "Willy", "3"],
                    "Value": "{{ModId}}_Barley",
                    "Delimiter": " "
                },
                {
                    "Operation": "Append",
                    "Target": ["Fields", "Willy", "5"],
                    "Value": "{{ModId}}_Rolled_Oats {{ModId}}_Buckwheat {{ModId}}_Millet {{ModId}}_Sorghum",
                    "Delimiter": " "
                },
                
                {
                    "Operation": "Append",
                    "Target": ["Fields", "Wizard", "3"],
                    "Value": "{{ModId}}_Sorghum",
                    "Delimiter": " "
                },
                {
                    "Operation": "Append",
                    "Target": ["Fields", "Wizard", "5"],
                    "Value": "{{ModId}}_Rolled_Oats {{ModId}}_Buckwheat {{ModId}}_Millet {{ModId}}_Rye",
                    "Delimiter": " "
                },
                {
                    "Operation": "Append",
                    "Target": ["Fields", "Wizard", "7"],
                    "Value": "{{ModId}}_Barley",
                    "Delimiter": " "
                },

                // Grains
                {
                    "Operation": "Append",
                    "Target": ["Entries", "Universal_Neutral"],
                    "Value": "{{ModId}}_Oat {{ModId}}_Barley {{ModId}}_Buckwheat {{ModId}}_Millet {{ModId}}_Rye {{ModId}}_Sorghum",
                    "Delimiter": " "
                },

                // Ingredients
                {
                    "Operation": "Append",
                    "Target": ["Entries", "Universal_Neutral"],
                    "Value": "{{ModId}}_Pearl_Barley {{ModId}}_Buckwheat_Flour {{ModId}}_Hulled_Millet {{ModId}}_Rolled_Oats {{ModId}}_Rye_Flour",
                    "Delimiter": " "
                },
                
                // Food Dishes
                {
                    "Operation": "Append",
                    "Target": ["Entries", "Universal_Neutral"],
                    "Value": "{{ModId}}_Harvest_Bowl {{ModId}}_Blueberry_Oatmeal {{ModId}}_Trail_Mix {{ModId}}_Galette {{ModId}}_Millet_Porridge {{ModId}}_Rye_Bread {{ModId}}_Sorghum_Salad",
                    "Delimiter": " "
                }
            ]
        }
    ]
}