{
    "Changes": [
        {
            "Action": "EditData",
            "Target": "Data/Shops",
            "TargetField": [ "Saloon", "Items" ],
            "Entries": {
                "{{ModId}}_Harvest_Bowl": {
                    "Condition": "DAY_OF_WEEK Monday, !PLAYER_HAS_COOKING_RECIPE Current {{ModId}}_Harvest_Bowl, PLAYER_HAS_COOKING_RECIPE Current Cran. Sauce",
                    "Id": "{{ModId}}_Harvest_Bowl",
                    "ItemId": "{{ModId}}_Harvest_Bowl",
                    "Price": 1750,
                    "IsRecipe": true
                }
            }
        },
        {
            "Action": "EditData",
            "Target": "Data/Shops",
            "TargetField": [ "Saloon", "Items" ],
            "When": {
                "Barley": true,
                "Oats": true
            },
            "Entries": {
                "{{ModId}}_Trail_Mix": {
                    "Condition": "DAY_OF_WEEK Tuesday, !PLAYER_HAS_COOKING_RECIPE Current {{ModId}}_Trail_Mix",
                    "Id": "{{ModId}}_Trail_Mix",
                    "ItemId": "{{ModId}}_Trail_Mix",
                    "Price": 1700,
                    "IsRecipe": true
                }
            }
        },
        {
            "Action": "EditData",
            "Target": "Data/Shops",
            "TargetField": [ "Saloon", "Items" ],
            "When": {
                "Buckwheat": true
            },
            "Entries": {
                "{{ModId}}_Galette": {
                    "Condition": "DAY_OF_WEEK Wednesday, !PLAYER_HAS_COOKING_RECIPE Current {{ModId}}_Galette",
                    "Id": "{{ModId}}_Galette",
                    "ItemId": "{{ModId}}_Galette",
                    "Price": 1700,
                    "IsRecipe": true
                }
            }
        },
        {
            "Action": "EditData",
            "Target": "Data/Shops",
            "TargetField": [ "Saloon", "Items" ],
            "When": {
                "Millet": true
            },
            "Entries": {
                "{{ModId}}_Millet_Porridge": {
                    "Condition": "DAY_OF_WEEK Thursday, !PLAYER_HAS_COOKING_RECIPE Current {{ModId}}_Millet_Porridge",
                    "Id": "{{ModId}}_Millet_Porridge",
                    "ItemId": "{{ModId}}_Millet_Porridge",
                    "Price": 1450,
                    "IsRecipe": true
                }
            }
        },
        {
            "Action": "EditData",
            "Target": "Data/Shops",
            "TargetField": [ "Saloon", "Items" ],
            "When": {
                "Oats": true
            },
            "Entries": {
                "{{ModId}}_Blueberry_Oatmeal": {
                    "Condition": "!PLAYER_HAS_COOKING_RECIPE Current {{ModId}}_Blueberry_Oatmeal",
                    "Id": "DAY_OF_WEEK Friday, {{ModId}}_Blueberry_Oatmeal",
                    "ItemId": "{{ModId}}_Blueberry_Oatmeal",
                    "Price": 1500,
                    "IsRecipe": true
                }
            }
        },
        {
            "Action": "EditData",
            "Target": "Data/Shops",
            "TargetField": [ "Saloon", "Items" ],
            "When": {
                "Rye": true
            },
            "Entries": {
                "{{ModId}}_Rye_Bread": {
                    "Condition": "DAY_OF_WEEK Saturday, !PLAYER_HAS_COOKING_RECIPE Current {{ModId}}_Rye_Bread",
                    "Id": "{{ModId}}_Rye_Bread",
                    "ItemId": "{{ModId}}_Rye_Bread",
                    "Price": 1550,
                    "IsRecipe": true
                }
            }
        },
        {
            "Action": "EditData",
            "Target": "Data/Shops",
            "TargetField": [ "Saloon", "Items" ],
            "When": {
                "Sorghum": true
            },
            "Entries": {
                "{{ModId}}_Sorghum_Salad": {
                    "Condition": "DAY_OF_WEEK Sunday, !PLAYER_HAS_COOKING_RECIPE Current {{ModId}}_Sorghum_Salad",
                    "Id": "{{ModId}}_Sorghum_Salad",
                    "ItemId": "{{ModId}}_Sorghum_Salad",
                    "Price": 1600,
                    "IsRecipe": true
                }
            }
        }
    ]
}