{
    "Changes": [
        {
            "Action": "EditData",
            "Target": "Data/Shops",
            "TargetField": [ "SeedShop", "Items" ],
            "When": {
                "Barley": true
            },
            "Entries": {
                "{{ModId}}_Barley_Seeds": {
                    "Condition": "SEASON spring",
                    "Id": "{{ModId}}_Barley_Seeds",
                    "ItemId": "{{ModId}}_Barley_Seeds",
                    "Price": 5
                }
            }
        },
        {
            "Action": "EditData",
            "Target": "Data/Shops",
            "TargetField": [ "SeedShop", "Items" ],
            "When": {
                "Buckwheat": true
            },
            "Entries": {
                "{{ModId}}_Buckwheat_Seeds_Spring": {
                    "Condition": "SEASON spring",
                    "Id": "{{ModId}}_Buckwheat_Seeds_Spring",
                    "ItemId": "{{ModId}}_Buckwheat_Seeds",
                    "Price": 100
                },
                "{{ModId}}_Buckwheat_Seeds_Summer": {
                    "Condition": "SEASON summer",
                    "Id": "{{ModId}}_Buckwheat_Seeds_Summer",
                    "ItemId": "{{ModId}}_Buckwheat_Seeds",
                    "Price": 100
                }
            }
        },
        {
            "Action": "EditData",
            "Target": "Data/Shops",
            "TargetField": [ "SeedShop", "Items" ],
            "When": {
                "Millet": true
            },
            "Entries": {
                "{{ModId}}_Millet_Seeds_Summer": {
                    "Condition": "SEASON summer",
                    "Id": "{{ModId}}_Millet_Seeds_Summer",
                    "ItemId": "{{ModId}}_Millet_Seeds",
                    "Price": 5
                }
            }
        },
        {
            "Action": "EditData",
            "Target": "Data/Shops",
            "TargetField": [ "SeedShop", "Items" ],
            "When": {
                "Oats": true
            },
            "Entries": {
                "{{ModId}}_Oat_Seeds_Spring": {
                    "Condition": "SEASON spring",
                    "Id": "{{ModId}}_Oat_Seeds_Spring",
                    "ItemId": "{{ModId}}_Oat_Seeds",
                    "Price": 8
                }
            }
        },
        {
            "Action": "EditData",
            "Target": "Data/Shops",
            "TargetField": [ "SeedShop", "Items" ],
            "When": {
                "Rye": true
            },
            "Entries": {
                "{{ModId}}_Rye_Seeds_Summer": {
                    "Condition": "SEASON summer",
                    "Id": "{{ModId}}_Rye_Seeds_Summer",
                    "ItemId": "{{ModId}}_Rye_Seeds",
                    "Price": 10
                },
                "{{ModId}}_Rye_Seeds_Fall": {
                    "Condition": "SEASON fall",
                    "Id": "{{ModId}}_Rye_Seeds_Fall",
                    "ItemId": "{{ModId}}_Rye_Seeds",
                    "Price": 10
                }
            }
        },
        {
            "Action": "EditData",
            "Target": "Data/Shops",
            "TargetField": [ "SeedShop", "Items" ],
            "When": {
                "Sorghum": true
            },
            "Entries": {
                "{{ModId}}_Sorghum_Seeds_Summer": {
                    "Condition": "SEASON summer",
                    "Id": "{{ModId}}_Sorghum_Seeds_Summer",
                    "ItemId": "{{ModId}}_Sorghum_Seeds",
                    "Price": 5
                },
                "{{ModId}}_Sorghum_Seeds_Fall": {
                    "Condition": "SEASON fall",
                    "Id": "{{ModId}}_Sorghum_Seeds_Fall",
                    "ItemId": "{{ModId}}_Sorghum_Seeds",
                    "Price": 5
                }
            }
        }
    ]
}