{
    "Changes": [
        {
            "Action": "EditData",
            "Target": "Data/Shops",
            "TargetField": [
                "Sandy",
                "Items"
            ],
            "Entries": {
                "{{ModId}}_Cassia_Sapling": {
                    "ItemId": "{{ModId}}_Cassia_Sapling",
                    "Price": 2400
                },
                "{{ModId}}_Brown_Rice_Tea": {
                    "Condition": "DAY_OF_WEEK Monday",
                    "ItemId": "{{ModId}}_Brown_Rice_Tea",
                    "Price": 400
                },
                "{{ModId}}_Chamomile_Tea": {
                    "Condition": "DAY_OF_WEEK Tuesday",
                    "ItemId": "{{ModId}}_Chamomile_Tea",
                    "Price": 400
                },
                "{{ModId}}_Lavender_Tea": {
                    "Condition": "DAY_OF_WEEK Wednesday",
                    "ItemId": "{{ModId}}_Lavender_Tea",
                    "Price": 400
                },
                "{{ModId}}_Jasmine_Tea": {
                    "Condition": "DAY_OF_WEEK Thursday",
                    "ItemId": "{{ModId}}_Jasmine_Tea",
                    "Price": 400
                },
                "{{ModId}}_Barley_Tea": {
                    "Condition": "DAY_OF_WEEK Friday",
                    "ItemId": "{{ModId}}_Barley_Tea",
                    "Price": 400
                },
                "{{ModId}}_Rice_Porridge": {
                    "Condition": "DAY_OF_WEEK Saturday",
                    "ItemId": "{{ModId}}_Rice_Porridge",
                    "Price": 5000,
                    "isRecipe": true
                },
                "{{ModId}}_Tea_Eggs": {
                    "Condition": "DAY_OF_WEEK Sunday",
                    "ItemId": "{{ModId}}_Tea_Eggs",
                    "Price": 5000,
                    "isRecipe": true
                },
                "{{ModId}}_Mooncakes": {
                    "Condition": "SEASON fall",
                    "ItemId": "{{ModId}}_Mooncakes",
                    "Price": 3500,
                    "isRecipe": true
                }
            }
        },
        {
            "Action": "EditData",
            "Target": "Data/Shops",
            "TargetField": [
                "Sandy",
                "Items"
            ],
            "When": {
                "TeaRecipes": true
            },
            "Entries": {
                "{{ModId}}_Brown_Rice_Tea": {
                    "Condition": "DAY_OF_WEEK Monday, !PLAYER_HAS_COOKING_RECIPE Current {{ModId}}_Brown_Rice_Tea",
                    "ItemId": "{{ModId}}_Brown_Rice_Tea",
                    "Price": 2000,
                    "isRecipe": true
                },
                "{{ModId}}_Chamomile_Tea": {
                    "Condition": "DAY_OF_WEEK Tuesday, !PLAYER_HAS_COOKING_RECIPE Current {{ModId}}_Chamomile_Tea",
                    "ItemId": "{{ModId}}_Chamomile_Tea",
                    "Price": 2000,
                    "isRecipe": true
                },
                "{{ModId}}_Lavender_Tea": {
                    "Condition": "DAY_OF_WEEK Wednesday, !PLAYER_HAS_COOKING_RECIPE Current {{ModId}}_Lavender_Tea",
                    "ItemId": "{{ModId}}_Lavender_Tea",
                    "Price": 2000,
                    "isRecipe": true
                },
                "{{ModId}}_Jasmine_Tea": {
                    "Condition": "DAY_OF_WEEK Thursday, !PLAYER_HAS_COOKING_RECIPE Current {{ModId}}_Jasmine_Tea",
                    "ItemId": "{{ModId}}_Jasmine_Tea",
                    "Price": 2000,
                    "isRecipe": true
                }
            }
        },
        {
            "Action": "EditData",
            "Target": "Data/Shops",
            "TargetField": [
                "Sandy",
                "Items"
            ],
            "When": {
                "TeaRecipes": true,
                "HasMod |contains=slimerrain.grainsoverhullcp": true
            },
            "Entries": {
                "{{ModId}}_Barley_Tea": {
                    "Condition": "DAY_OF_WEEK Friday, !PLAYER_HAS_COOKING_RECIPE Current {{ModId}}_Barley_Tea",
                    "ItemId": "{{ModId}}_Barley_Tea",
                    "Price": 1800,
                    "isRecipe": true
                }
            }
        }
    ]
}