{
    "Changes": [
        {
            "LogName": "Load Seeds Tilesheet",
            "Action": "Load",
            "Target": "{{ModId}}/Seeds",
            "FromFile": "assets/Crops/Seeds.png"
        },
        {
            "LogName": "Objects Data",
            "Action": "EditData",
            "Target": "Data/Objects",
            "When": {
                "Barley": true
            },
            "Entries": {
                "{{ModId}}_Barley_Seeds": {
                    "Name": "{{ModId}}_Barley_Seeds",
                    "DisplayName": "{{i18n:Barley.seed.displayname}}",
                    "Description": "{{i18n:Barley.seed.description}}",
                    "Price": 10,
                    "Type": "Seeds",
                    "Category": -74,
                    "Texture": "{{ModId}}/Seeds",
                    "SpriteIndex": "0",
                    "Edibility": -300
                }
            }
        },
        {
            "LogName": "Objects Data",
            "Action": "EditData",
            "Target": "Data/Objects",
            "When": {
                "Buckwheat": true
            },
            "Entries": {
                "{{ModId}}_Buckwheat_Seeds": {
                    "Name": "{{ModId}}_Buckwheat_Seeds",
                    "DisplayName": "{{i18n:Buckwheat.seed.displayname}}",
                    "Description": "{{i18n:Buckwheat.seed.description}}",
                    "Price": 200,
                    "Type": "Seeds",
                    "Category": -74,
                    "Texture": "{{ModId}}/Seeds",
                    "SpriteIndex": "1",
                    "Edibility": -300,
                    "ContextTags": ["grain_item", "buckwheat"]
                }
            }
        },
        {
            "LogName": "Objects Data",
            "Action": "EditData",
            "Target": "Data/Objects",
            "When": {
                "Millet": true
            },
            "Entries": {
                "{{ModId}}_Millet_Seeds": {
                    "Name": "{{ModId}}_Millet_Seeds",
                    "DisplayName": "{{i18n:Millet.seed.displayname}}",
                    "Description": "{{i18n:Millet.seed.description}}",
                    "Price": 10,
                    "Type": "Seeds",
                    "Category": -74,
                    "Texture": "{{ModId}}/Seeds",
                    "SpriteIndex": "2",
                    "Edibility": -300
                }
            }
        },
        {
            "LogName": "Objects Data",
            "Action": "EditData",
            "Target": "Data/Objects",
            "When": {
                "Oats": true
            },
            "Entries": {
                "{{ModId}}_Oat_Seeds": {
                    "Name": "{{ModId}}_Oat_Seeds",
                    "DisplayName": "{{i18n:Oat.seed.displayname}}",
                    "Description": "{{i18n:Oat.seed.description}}",
                    "Price": 16,
                    "Type": "Seeds",
                    "Category": -74,
                    "Texture": "{{ModId}}/Seeds",
                    "SpriteIndex": "3",
                    "Edibility": -300
                }
            }
        },
        {
            "LogName": "Objects Data",
            "Action": "EditData",
            "Target": "Data/Objects",
            "When": {
                "Rye": true
            },
            "Entries": {
                "{{ModId}}_Rye_Seeds": {
                    "Name": "{{ModId}}_Rye_Seeds",
                    "DisplayName": "{{i18n:Rye.seed.displayname}}",
                    "Description": "{{i18n:Rye.seed.description}}",
                    "Price": 20,
                    "Type": "Seeds",
                    "Category": -74,
                    "Texture": "{{ModId}}/Seeds",
                    "SpriteIndex": "4",
                    "Edibility": -300
                }
            }
        },
        {
            "LogName": "Objects Data",
            "Action": "EditData",
            "Target": "Data/Objects",
            "When": {
                "Sorghum": true
            },
            "Entries": {
                "{{ModId}}_Sorghum_Seeds": {
                    "Name": "{{ModId}}_Sorghum_Seeds",
                    "DisplayName": "{{i18n:Sorghum.seed.displayname}}",
                    "Description": "{{i18n:Sorghum.seed.description}}",
                    "Price": 10,
                    "Type": "Seeds",
                    "Category": -74,
                    "Texture": "{{ModId}}/Seeds",
                    "SpriteIndex": "5",
                    "Edibility": -300
                }
            }
        }
    ]
}