{
    "Name": "Distiller",
    "Description": "A way to process crops into liquor.",
    "PurchaseFrom": "ResortBar",
    "Price": 8000,
    "ProvidesLight": false,
    "Recipe":
    {
        "ResultCount": 1,
            "Ingredients": [
            {
                "Object": 709,
                "Count": 1
            },
            {
                "Object": 334,
                "Count": 5
            },
            {
                "Object": 390,
                "Count": 50
            }
        ]
    },
    "TranslationKey": "craftable.distillery"
  }
  