{
    "Name": "Brandy",
    "Description": "Drink in moderation.",
    "Category": "ArtisanGoods",
    "Edibility": 16,
    "EdibleIsDrink": true,
    "Price": 340, 
    "IsColored": false, 
    "Recipe": null, 
    "GiftTastes":
    {
        "Love": ["Harvey", "Leah", "Maru", "Sandy", "Wizard"], 
        "Like": ["Gus", "Emily", "Elliott", "Jodi", "Kent", "Marnie", "Krobus", "Linus", "Lewis"],
        "Neutral": null,
        "Dislike": ["Elliott", "Leah", "Evelyn"],
        "Hate": ["Jas", "Vincent", "Leo", "Penny"]
    },
    "CanPurchase": true, 
    "PurchaseFrom": "ResortBar", 
    "PurchasePrice": 3000,
	"ContextTags": ["alcohol_item, color_dark_brown"],

    "NameLocalization":
    {
        "es": "Brandy",
        "ko": "브랜디",
        "de": "Brandy",
        "fr": "Brandy",
        "hu": "Pálinka",
        "it": "Brandy",
        "ja": "ブランデー",
        "pt": "Conhaque",
        "ru": "бренди",
        "tr": "Brendi",
        "zh": "白兰地"
    },
    "DescriptionLocalization":
    {
        "es": "Beber con moderación.",
        "ko": "적당히 마시십시오.",
        "de": "Trinken Sie in Maßen.",
        "fr": "A boire avec modération.",
        "hu": "Igyon mértékkel.",
        "it": "Bere con moderazione.",
        "ja": "適度にお飲みください。",
        "pt": "Beba com moderação.",
        "ru": "Пейте умеренно.",
        "tr": "Ölçülü olarak iç.",
        "zh": "适量饮酒。"
    }
}