{
    "Name": "Sorghum",
    "Price": 20,
    "Product": "Sorghum",
    "SeedName": "Sorghum Seeds",
    "SeedDescription": "Plant these in spring or summer. Takes 5 days to mature. Harvest with the scythe.",
    "Type": "Vegetable",
    "SeedSellPrice": 5,
    "CropType": "Normal",
    "Seasons": ["spring", "summer"],
    "Phases": [1, 1, 2, 1],
    "RegrowthPhase": -1,
    "HarvestWithScythe": true,
    "TrellisCrop": false,
    "Colors": null,
    "SeedPurchasePrice": 10,
    "SeedPurchaseFrom": "SeedShop",
    "SeedPurchaseRequirements": null,

    "SeedNameLocalization":
    {
        "es": "",
        "ko": "",
        "de": "",
        "fr": "",
        "hu": "",
        "it": "",
        "ja": "",
        "pt": "",
        "ru": "",
        "tr": "",
        "zh": ""
    },
    "SeedDescriptionLocalization":
    {
        "es": "",
        "ko": "",
        "de": "",
        "fr": "",
        "hu": "",
        "it": "",
        "ja": "",
        "pt": "",
        "ru": "",
        "tr": "",
        "zh": ""
    }
}