{
    "Name": "Buckwheat",
    "Price": 80,
    "Product": "Buckwheat",
    "SeedName": "Buckwheat Seeds",
    "SeedDescription": "Plant these in spring or summer. Takes 5 days to mature. Harvest with the scythe.",
    "Type": "Flower",
    "SeedSellPrice": 20,
    "CropType": "Normal",
    "Seasons": ["spring", "summer"],
    "Phases": [1, 1, 1, 1, 1],
    "RegrowthPhase": -1,
    "HarvestWithScythe": false,
    "TrellisCrop": false,
    "Colors": null,
    "SeedPurchasePrice": 200,
    "SeedPurchaseFrom": "SeedShop",
    "SeedPurchaseRequirements": null,

    "SeedNameLocalization":
    {
        "es": "",
        "ko": "",
        "de": "",
        "fr": "",
        "hu": "",
        "it": "",
        "ja": "",
        "pt": "",
        "ru": "",
        "tr": "",
        "zh": ""
    },
    "SeedDescriptionLocalization":
    {
        "es": "",
        "ko": "",
        "de": "",
        "fr": "",
        "hu": "",
        "it": "",
        "ja": "",
        "pt": "",
        "ru": "",
        "tr": "",
        "zh": ""
    }
}