{
    "Harvests": [
        {
            "CropName": "slimerrain.uncleirohapprovedteacp_Lotus",
            "HarvestRules": [
                {
                    "ItemName": "slimerrain.uncleirohapprovedteacp_Lotus_Seeds", 
                    "ExtraYieldItemType": "Object", 
                    "minHarvest": 0, 
                    "maxHarvest": 2, 
                    "maxHarvestIncreasePerFarmingLevel": 0.1
                }
            ]
        },
        {
            "CropName": "slimerrain.uncleirohapprovedteacp_Chamomile",
            "HarvestRules": [
                {
                    "ItemName": "slimerrain.uncleirohapprovedteacp_Chamomile", 
                    "ExtraYieldItemType": "Object", 
                    "minHarvest": 0, 
                    "maxHarvest": 2, 
                    "maxHarvestIncreasePerFarmingLevel": 0.1
                }
            ]
        },
        {
            "CropName": "slimerrain.uncleirohapprovedteacp_Chrysanthemum",
            "HarvestRules": [
                {
                    "ItemName": "slimerrain.uncleirohapprovedteacp_Chrysanthemum", 
                    "ExtraYieldItemType": "Object", 
                    "minHarvest": 0, 
                    "maxHarvest": 3, 
                    "maxHarvestIncreasePerFarmingLevel": 0.1
                }
            ]
        },
        {
            "CropName": "slimerrain.uncleirohapprovedteacp_Lavender",
            "HarvestRules": [
                {
                    "ItemName": "slimerrain.uncleirohapprovedteacp_Lavender", 
                    "ExtraYieldItemType": "Object", 
                    "minHarvest": 0, 
                    "maxHarvest": 3, 
                    "maxHarvestIncreasePerFarmingLevel": 0.1
                }
            ]
        },
        {
            "CropName": "slimerrain.uncleirohapprovedteacp_Lily",
            "HarvestRules": [
                {
                    "ItemName": "slimerrain.uncleirohapprovedteacp_Lily_Bulb_2", 
                    "ExtraYieldItemType": "Object", 
                    "minHarvest": 1, 
                    "maxHarvest": 2,
                    "maxHarvestIncreasePerFarmingLevel": 0.1
                },
                {
                    "ItemName": "slimerrain.uncleirohapprovedteacp_Lily_Bulb", 
                    "ExtraYieldItemType": "Object", 
                    "minHarvest": 0, 
                    "maxHarvest": 1, 
                    "maxHarvestIncreasePerFarmingLevel": 0.1
                }
            ]
        }
    ]
  }
  