{
    "Changes": [
        {
            "LogName": "Seed Shop",
            "Action": "Include",
            "FromFile": "data/Shops/SeedShop.json"
        },
        {
            "LogName": "Sandy Shop",
            "Action": "Include",
            "FromFile": "data/Shops/Sandy.json"
        },
        {
            "LogName": "Resort Bar Shop",
            "Action": "Include",
            "FromFile": "data/Shops/ResortBar.json"
        },
        {
            "LogName": "Hospital Shop",
            "Action": "Include",
            "FromFile": "data/Shops/Hospital.json"
        },

        {
            "LogName": "Gift Tastes",
            "Action": "Include",
            "FromFile": "data/NPCs/NPCGiftTastes.json"
        },
        {
            "LogName": "Bachelor Gift Tastes",
            "Action": "Include",
            "FromFile": "data/NPCs/BachelorGiftTastes.json"
        },
        {
            "LogName": "Bachelorette Gift Tastes",
            "Action": "Include",
            "FromFile": "data/NPCs/BacheloretteGiftTastes.json"
        }
    ]
}