{
    "Changes": [
        {
            "LogName": "Crafting Data",
            "Action": "EditData",
            "Target": "Data/CraftingRecipes",
            "Entries": {
                "{{ModId}}_Teapot": "330 1 390 5/Field/{{ModId}}_Teapot/true/Farming 1/{{i18n:Teapot.name}}",
                "{{ModId}}_Jasmine_Sapling": "{{ModId}}_Chamomile 1 {{ModId}}_Chrysanthemum 1 771 5 388 5/Field/{{ModId}}_Jasmine_Sapling/false/Farming 6/{{i18n:Bush.Sapling.Jasmine.name}}",
                "{{ModId}}_Osmanthus_Sapling": "{{ModId}}_Jasmine 1 {{ModId}}_Lavender 1 771 5 388 5/Field/{{ModId}}_Osmanthus_Sapling/false/Farming 8/{{i18n:Bush.Sapling.Osmanthus.name}}"
            }
        }
    ]
}