{
    "Changes": [
        {
            "LogName": "Load Crops Tilesheet",
            "Action": "Load",
            "Target": "{{ModId}}/Crops",
            "FromFile": "assets/Crops/Crops.png"
        },
        {
            "Action": "EditData",
            "Target": "data/Crops",
            "Entries": {
                "{{ModId}}_Chamomile_Seeds": { 
                    "Seasons": [ "spring", "summer" ],
                    "DaysInPhase": [ 1, 2, 2, 2 ],
                    "RegrowDays": -1,
                    "IsRaised": false,
                    "IsPaddyCrop": false,
                    "PlantableLocationRules": null,
                    "HarvestItemId": "{{ModId}}_Chamomile",
                    "HarvestMinStack": 1,
                    "HarvestMaxStack": 3,
                    "HarvestMaxIncreasePerFarmingLevel": 0.1,
                    "ExtraHarvestChance": 0.1,
                    "HarvestMethod": "Grab",
                    "HarvestMinQuality": 0,
                    "HarvestMaxQuality": null,
                    "TintColors": [],
                    "Texture": "{{ModId}}/Crops",
                    "SpriteIndex": 0,
                    "CustomFields": {}
                },
                "{{ModId}}_Chrysanthemum_Seeds": { 
                    "Seasons": [ "spring", "summer", "fall" ],
                    "DaysInPhase": [ 1, 2, 3, 2 ],
                    "RegrowDays": -1,
                    "IsRaised": false,
                    "IsPaddyCrop": false,
                    "PlantableLocationRules": null,
                    "HarvestItemId": "{{ModId}}_Chrysanthemum",
                    "HarvestMinStack": 1,
                    "HarvestMaxStack": 3,
                    "HarvestMaxIncreasePerFarmingLevel": 0.1,
                    "ExtraHarvestChance": 0.1,
                    "HarvestMethod": "Grab",
                    "HarvestMinQuality": 0,
                    "HarvestMaxQuality": null,
                    "TintColors": [],
                    "Texture": "{{ModId}}/Crops",
                    "SpriteIndex": 1,
                    "CustomFields": {}
                },
                "{{ModId}}_Goji_Berry_Seeds": { 
                    "Seasons": [ "spring", "summer" ],
                    "DaysInPhase": [ 1, 2, 3, 3, 2 ],
                    "RegrowDays": 4,
                    "IsRaised": false,
                    "IsPaddyCrop": false,
                    "PlantableLocationRules": null,
                    "HarvestItemId": "{{ModId}}_Goji_Berry",
                    "HarvestMinStack": 1,
                    "HarvestMaxStack": 3,
                    "HarvestMaxIncreasePerFarmingLevel": 0.1,
                    "ExtraHarvestChance": 0.1,
                    "HarvestMethod": "Grab",
                    "HarvestMinQuality": 0,
                    "HarvestMaxQuality": null,
                    "TintColors": [],
                    "Texture": "{{ModId}}/Crops",
                    "SpriteIndex": 2,
                    "CustomFields": {}
                },
                "{{ModId}}_Lavender_Seeds": { 
                    "Seasons": [ "spring" ],
                    "DaysInPhase": [ 1, 2, 1, 1 ],
                    "RegrowDays": -1,
                    "IsRaised": false,
                    "IsPaddyCrop": false,
                    "PlantableLocationRules": null,
                    "HarvestItemId": "{{ModId}}_Lavender",
                    "HarvestMinStack": 1,
                    "HarvestMaxStack": 1,
                    "HarvestMaxIncreasePerFarmingLevel": 0.0,
                    "ExtraHarvestChance": 0.0,
                    "HarvestMethod": "Grab",
                    "HarvestMinQuality": 0,
                    "HarvestMaxQuality": null,
                    "TintColors": [],
                    "Texture": "{{ModId}}/Crops",
                    "SpriteIndex": 3,
                    "CustomFields": {}
                },
                "{{ModId}}_Lily_Bulb": { 
                    "Seasons": [ "spring" ],
                    "DaysInPhase": [ 1, 2, 2, 2 ],
                    "RegrowDays": -1,
                    "IsRaised": false,
                    "IsPaddyCrop": false,
                    "PlantableLocationRules": null,
                    "HarvestItemId": "{{ModId}}_Lily",
                    "HarvestMinStack": 1,
                    "HarvestMaxStack": 1,
                    "HarvestMaxIncreasePerFarmingLevel": 0.0,
                    "ExtraHarvestChance": 0.0,
                    "HarvestMethod": "Grab",
                    "HarvestMinQuality": 0,
                    "HarvestMaxQuality": null,
                    "TintColors": [],
                    "Texture": "{{ModId}}/Crops",
                    "SpriteIndex": 4,
                    "CustomFields": {}
                },
                "{{ModId}}_Lotus_Seeds": { 
                    "Seasons": [ "spring", "summer", "fall" ],
                    "DaysInPhase": [ 1, 2, 2, 1 ],
                    "RegrowDays": -1,
                    "IsRaised": false,
                    "IsPaddyCrop": true,
                    "PlantableLocationRules": null,
                    "HarvestItemId": "{{ModId}}_Lotus",
                    "HarvestMinStack": 1,
                    "HarvestMaxStack": 1,
                    "HarvestMaxIncreasePerFarmingLevel": 0.0,
                    "ExtraHarvestChance": 0.0,
                    "HarvestMethod": "Grab",
                    "HarvestMinQuality": 0,
                    "HarvestMaxQuality": null,
                    "TintColors": [],
                    "Texture": "{{ModId}}/Crops",
                    "SpriteIndex": 5,
                    "CustomFields": {}
                },
                "{{ModId}}_Sugarcane_Seeds": { 
                    "Seasons": [ "fall" ],
                    "DaysInPhase": [ 1, 2, 3, 2 ],
                    "RegrowDays": 3,
                    "IsRaised": false,
                    "IsPaddyCrop": false,
                    "PlantableLocationRules": null,
                    "HarvestItemId": "{{ModId}}_Sugarcane",
                    "HarvestMinStack": 1,
                    "HarvestMaxStack": 3,
                    "HarvestMaxIncreasePerFarmingLevel": 0.1,
                    "ExtraHarvestChance": 0.1,
                    "HarvestMethod": "Scythe",
                    "HarvestMinQuality": 0,
                    "HarvestMaxQuality": null,
                    "TintColors": [],
                    "Texture": "{{ModId}}/Crops",
                    "SpriteIndex": 6,
                    "CustomFields": {}
                }
            }
        }
    ]
}