{
    "Changes": [
		{
		"LogName": "Load Indoor Tea Bush Tilesheets",
        "Action": "Load",
        "Target": "{{ModId}}/TeaBushes_Indoor",
		"FromFile": "assets/Bushes/TeaBushes_indoor.png"
		},
		{
		"LogName": "Load Outdoor Tea Bush Tilesheets",
        "Action": "Load",
        "Target": "{{ModId}}/TeaBushes",
		"FromFile": "assets/Bushes/TeaBushes_{{season}}.png"
		},
        {
            "LogName": "Add to Custom Bush Framework",
            "Action": "EditData",
            "Target": "furyx639.CustomBush/Data",
            "Entries": {
                "(O){{ModId}}_Jasmine_Sapling": {
                    "AgeToProduce": 18,
                    "DayToBeginProducing": 0,
                    "Seasons": ["summer", "fall"],
                    "ItemsProduced": [
                        {
                            "ItemId": "(O){{ModId}}_Jasmine",
                            "Chance": 1.0,
                            "MinStack": 2,
                            "MaxStack": 5,
                            "QualityModifiers": [{"Modification": "Add", "RandomAmount": [0, 0, 0, 0, 1, 1, 1, 2, 2, 4]}]
                        }
                    ],
                    "Texture": "{{ModId}}/TeaBushes",
                    "IndoorTexture": "{{ModId}}/TeaBushes_Indoor",
                    "TextureSpriteRow": 0
                },
                "(O){{ModId}}_Osmanthus_Sapling": {
                    "AgeToProduce": 18,
                    "DayToBeginProducing": 0,
                    "Seasons": ["spring", "summer"],
                    "ItemsProduced": [
                        {
                            "ItemId": "(O){{ModId}}_Osmanthus",
                            "Chance": 1.0,
                            "MinStack": 4,
                            "MaxStack": 7,
                            "QualityModifiers": [{"Modification": "Add", "RandomAmount": [0, 0, 0, 0, 1, 1, 1, 2, 2, 4]}]
                        }
                    ],
                    "Texture": "{{ModId}}/TeaBushes",
                    "IndoorTexture": "{{ModId}}/TeaBushes_Indoor",
                    "TextureSpriteRow": 2
                }
            }
        }
    ]
}