{
    "Name": "Cider",
    "Description": "Drink in moderation.",
    "Category": "ArtisanGoods",
    "Edibility": 54,
    "EdibleIsDrink": true,
    "Price": 340, 
    "IsColored": false, 
    "Recipe": null, 
    "GiftTastes":
    {
        "Love": ["Harvey", "Leah", "Elliott", "Maru"], 
        "Like": ["Emily", "Haley", "Gus", "Jodi", "Marnie", "Lewis", "Sandy", "George", "Willy", "Pam", "Robin", "Krobus"],
        "Neutral": null,
        "Dislike": [""],
        "Hate": ["Jas", "Vincent", "Leo", "Penny"]
    },
    "CanPurchase": true, 
    "PurchaseFrom": "ResortBar", 
    "PurchasePrice": 2500,
	"ContextTags": ["alcohol_item, color_pink"],

    "NameLocalization":
    {
        "es": "Sidra",
        "ko": "사과주",
        "de": "Apfelwein",
        "fr": "Cidre",
        "hu": "Almabor",
        "it": "Cedro",
        "ja": "サイダー",
        "pt": "Cidra",
        "ru": "Сидр",
        "tr": "elmadan yapılan bir içki",
        "zh": "苹果酒"
    },
    "DescriptionLocalization":
    {
        "es": "Beber con moderación.",
        "ko": "적당히 마시십시오.",
        "de": "Trinken Sie in Maßen.",
        "fr": "A boire avec modération.",
        "hu": "Igyon mértékkel.",
        "it": "Bere con moderazione.",
        "ja": "適度にお飲みください。",
        "pt": "Beba com moderação.",
        "ru": "Пейте умеренно.",
        "tr": "Ölçülü olarak iç.",
        "zh": "适量饮酒。"
    }
}