{
    "Name": "Vodka",
    "Description": "Drink in moderation.",
    "Category": "ArtisanGoods",
    "Edibility": 9,
    "EdibleIsDrink": true,
    "EdibleBuffs":
    {
        "Farming": -1,
        "Fishing": -1,
        "Mining": -1,
        "Luck": -1,
        "Foraging": -1,
        "MaxStamina": 5,
        "MagnetRadius": 0,
        "Speed": 1,
        "Defense": 0,
        "Attack": 1,
        "Duration": 20
    },
    "Price": 800, 
    "IsColored": false, 
    "Recipe": null, 
    "GiftTastes":
    {
        "Love": ["Haley", "Emily", "Sam", "Sandy"], 
        "Like": ["Wizard", "Demetrius", "Shane", "Gus", "Krobus"],
        "Neutral": null,
        "Dislike": ["Elliott", "Leah", "Evelyn"],
        "Hate": ["Harvey", "Jas", "Vincent", "Leo", "Penny"]
    },
    "CanPurchase": true, 
    "PurchaseFrom": "ResortBar", 
    "PurchasePrice": 1600,
	"ContextTags": ["alcohol_item, color_blue"],

    "NameLocalization":
    {
        "es": "Vodka",
        "ko": "보드카",
        "de": "Wodka",
        "fr": "Vodka",
        "hu": "Vodka",
        "it": "Vodka",
        "ja": "ウォッカ",
        "pt": "Vodka",
        "ru": "Водка",
        "tr": "Votka",
        "zh": "伏特加酒"
    },
    "DescriptionLocalization":
    {
        "es": "Beber con moderación.",
        "ko": "적당히 마시십시오.",
        "de": "Trinken Sie in Maßen.",
        "fr": "A boire avec modération.",
        "hu": "Igyon mértékkel.",
        "it": "Bere con moderazione.",
        "ja": "適度にお飲みください。",
        "pt": "Beba com moderação.",
        "ru": "Пейте умеренно.",
        "tr": "Ölçülü olarak iç.",
        "zh": "适量饮酒。"
    }
}