{
    "Name": "Rum",
    "Description": "Drink in moderation.",
    "Category": "ArtisanGoods",
    "Edibility": 12,
    "EdibleIsDrink": true,
    "EdibleBuffs":
    {
        "Farming": 0,
        "Fishing": 0,
        "Mining": 0,
        "Luck": 1,
        "Foraging": 0,
        "MaxStamina": -5,
        "MagnetRadius": 0,
        "Speed": -1,
        "Defense": 0,
        "Attack": 1,
        "Duration": 20
    },
    "Price": 340, 
    "IsColored": false, 
    "Recipe": null, 
    "GiftTastes":
    {
        "Love": ["Sandy"], 
        "Like": ["Gus", "Elliot", "Shane", "Krobus"],
        "Neutral": null,
        "Dislike": ["Emily", "Leah"],
        "Hate": ["Jas", "Vincent", "Leo", "Penny", "Sebastian"]
    },
    "CanPurchase": true, 
    "PurchaseFrom": "ResortBar", 
    "PurchasePrice": 2000,
	"ContextTags": ["alcohol_item, color_brown"],

    "NameLocalization":
    {
        "es": "Ron",
        "ko": "럼 주",
        "de": "Rum",
        "fr": "Rhum",
        "hu": "Rum",
        "it": "Rum",
        "ja": "ラム酒",
        "pt": "Rum",
        "ru": "Ром",
        "tr": "ROM",
        "zh": "朗姆酒"
    },
    "DescriptionLocalization":
    {
        "es": "Beber con moderación.",
        "ko": "적당히 마시십시오.",
        "de": "Trinken Sie in Maßen.",
        "fr": "A boire avec modération.",
        "hu": "Igyon mértékkel.",
        "it": "Bere con moderazione.",
        "ja": "適度にお飲みください。",
        "pt": "Beba com moderação.",
        "ru": "Пейте умеренно.",
        "tr": "Ölçülü olarak iç.",
        "zh": "适量饮酒。"
    }
}